link_seq_id,link_id,vdf_type,from_node_id,to_node_id,lanes,distance_km,distance_mile,fftt,meso_link_id,meso_link_incoming_volume,tmc,tmc_corridor_name,tmc_corridor_id,tmc_road_order,tmc_road_sequence,subarea_id,link_type,link_type_code,vdf_code,time_period,volume,ref_volume,ref_diff,ODME_volume_before,ODME_volume_after,ODME_volume_diff,ODME_obs_count,ODME_upperbound_capacity_type,ODME_obs_count_dev,preload_volume,mode_type_volume,travel_time,speed_kmph,speed_mph,speed_ratio,VOC,DOC,lane_capacity,link_capacity,queue,total_simu_waiting_time_in_min,avg_simu_waiting_time_in_min,plf,lanes,D_per_hour_per_lane,QVDF_cd,QVDF_n,P,severe_congestion_duration_in_h,vf,v_congestion_cutoff,QVDF_cp,QVDF_s,QVDF_v,vt2,VMT,VHT,PMT,PHT,PDT_vf,PDT_vc,geometry,person_vol_auto,person_vol_bike,person_vol_walk,MEU_vol_auto,MEU_vol_bike,MEU_vol_walk,mode_cap_auto,mode_cap_bike,mode_cap_walk,mode_VOC_auto,mode_VOC_bike,mode_VOC_walk,v06:00,v06:15,v06:30,v06:45,v07:00,v07:15,v07:30,v07:45,v08:00,v08:15,v08:30,v08:45,v09:00,v09:15,v09:30,v09:45,v10:00,v10:15,v10:30,v10:45,v11:00,v11:15,v11:30,v11:45,v12:00,v12:15,v12:30,v12:45,v13:00,v13:15,v13:30,v13:45,v14:00,v14:15,v14:30,v14:45,v15:00,v15:15,v15:30,v15:45,v16:00,v16:15,v16:30,v16:45,v17:00,v17:15,v17:30,v17:45,v18:00,v18:15,v18:30,v18:45,v19:00,v19:15,v19:30,v19:45,DTM_type,DTM_volume_before,DTM_volume_after,DTM_volume_diff,DTM_speed_before,DTM_speed_after,DTM_speed_diff,DTM_DoC_before,DTM_DoC_after,DTM_Doc_diff,DTM_P_before,DTM_P_after,DTM_P_diff,notes
1,1,bpr,1,2,1.000000,6.000000,3.729024,6.000000,-1,0,,network_wide,-1,0,-1,1,1,,,0700_0800,37526.945,-1.000,0.000,0.000,0.000,0.000,,,,0.000,37526.945,9.966,0.000,0.000,0.000,1.449,1.449,25900.201,25900.201,0.000,0.000,0.000,1.000,1.000,37526.945,0.955,1.142,59.870,1.083,60.000,51.000,0.400,4.000,0.000,0.000,139938.891,13954644992.000,139938.891,13954644992.000,13954640896.000,13954640896.000,"LINESTRING (-96.770451 43.612565, -96.711282 43.605550)",8995.681,10220.417,18310.847,37526.945,37526.945,37526.945,1.449,62.545,37.527,1.449,62.545,37.527,60.000,60.000,60.000,60.000,0.000,0.000,0.000,0.000,60.000,60.000,60.000,60.000,60.000,60.000,60.000,60.000,60.000,60.000,60.000,60.000,60.000,60.000,60.000,60.000,60.000,60.000,60.000,60.000,60.000,60.000,60.000,60.000,60.000,60.000,60.000,60.000,60.000,60.000,60.000,60.000,60.000,60.000,60.000,60.000,60.000,60.000,60.000,60.000,60.000,60.000,60.000,60.000,60.000,60.000,60.000,60.000,,37526.944,37526.944,0.000,0.000,0.000,0.000,1.449,1.449,0.000,59.870,59.870,0.000,period-based
2,2,bpr,1,3,1.000000,4.000000,2.486016,4.000000,-1,0,,network_wide,-1,0,-1,1,1,,,0700_0800,47806.656,-1.000,0.000,0.000,0.000,0.000,,,,0.000,47806.656,14.447,0.000,0.000,0.000,2.043,2.043,23403.473,23403.473,0.000,0.000,0.000,1.000,1.000,47806.656,0.955,1.142,78.930,1.083,60.000,51.000,0.400,4.000,0.000,0.000,118848.117,31214213120.000,118848.117,31214213120.000,31214209024.000,31214209024.000,"LINESTRING (-96.770683 43.612854, -96.774567 43.572987)",25815.851,6704.518,15286.287,47806.656,47806.656,47806.656,2.043,79.678,47.807,2.043,79.678,47.807,60.000,60.000,60.000,60.000,0.000,0.000,0.000,0.000,60.000,60.000,60.000,60.000,60.000,60.000,60.000,60.000,60.000,60.000,60.000,60.000,60.000,60.000,60.000,60.000,60.000,60.000,60.000,60.000,60.000,60.000,60.000,60.000,60.000,60.000,60.000,60.000,60.000,60.000,60.000,60.000,60.000,60.000,60.000,60.000,60.000,60.000,60.000,60.000,60.000,60.000,60.000,60.000,60.000,60.000,60.000,60.000,,47806.656,47806.656,0.000,0.000,0.000,0.000,2.043,2.043,0.000,78.930,78.930,0.000,period-based
3,3,bpr,2,1,1.000000,6.000000,3.729024,6.000000,-1,0,,network_wide,-1,0,-1,1,1,,,0700_0800,35333.188,-1.000,0.000,0.000,0.000,0.000,,,,0.000,35333.188,9.117,0.000,0.000,0.000,1.364,1.364,25900.201,25900.201,0.000,0.000,0.000,1.000,1.000,35333.189,0.955,1.142,55.891,1.083,60.000,51.000,0.400,4.000,0.000,0.000,131758.312,10325647360.000,131758.312,10325647360.000,10325644288.000,10325643264.000,"LINESTRING (-96.711219 43.606076, -96.770389 43.613091)",10731.006,7364.687,17237.496,35333.189,35333.189,35333.189,1.364,58.889,35.333,1.364,58.889,35.333,60.000,60.000,60.000,60.000,0.000,0.000,0.000,0.000,60.000,60.000,60.000,60.000,60.000,60.000,60.000,60.000,60.000,60.000,60.000,60.000,60.000,60.000,60.000,60.000,60.000,60.000,60.000,60.000,60.000,60.000,60.000,60.000,60.000,60.000,60.000,60.000,60.000,60.000,60.000,60.000,60.000,60.000,60.000,60.000,60.000,60.000,60.000,60.000,60.000,60.000,60.000,60.000,60.000,60.000,60.000,60.000,,35333.189,35333.189,0.000,0.000,0.000,0.000,1.364,1.364,0.000,55.891,55.891,0.000,period-based
4,4,bpr,2,6,1.000000,5.000000,3.107520,5.000000,-1,0,,network_wide,-1,0,-1,1,1,,,0700_0800,35007.699,-1.000,0.000,0.000,0.000,0.000,,,,0.000,35007.699,1868.915,0.000,0.000,0.000,7.061,7.061,4958.181,4958.181,0.000,0.000,0.000,1.000,1.000,35007.698,0.955,1.142,55.304,1.083,60.000,51.000,0.400,4.000,0.000,0.000,108787.133,8215608832.000,108787.133,8215608832.000,8215605760.000,8215605248.000,"LINESTRING (-96.711515 43.605819, -96.711909 43.587591)",1343.537,12641.517,21022.644,35007.698,35007.698,35007.698,7.061,58.346,35.008,7.061,58.346,35.008,60.000,60.000,60.000,60.000,0.000,0.000,0.000,0.000,60.000,60.000,60.000,60.000,60.000,60.000,60.000,60.000,60.000,60.000,60.000,60.000,60.000,60.000,60.000,60.000,60.000,60.000,60.000,60.000,60.000,60.000,60.000,60.000,60.000,60.000,60.000,60.000,60.000,60.000,60.000,60.000,60.000,60.000,60.000,60.000,60.000,60.000,60.000,60.000,60.000,60.000,60.000,60.000,60.000,60.000,60.000,60.000,,35007.698,35007.698,0.000,0.000,0.000,0.000,7.061,7.061,0.000,55.304,55.304,0.000,period-based
5,5,bpr,3,1,1.000000,4.000000,2.486016,4.000000,-1,0,,network_wide,-1,0,-1,1,1,,,0700_0800,45974.598,-1.000,0.000,0.000,0.000,0.000,,,,0.000,45974.598,12.935,0.000,0.000,0.000,1.964,1.964,23403.473,23403.473,0.000,0.000,0.000,1.000,1.000,45974.600,0.955,1.142,75.486,1.083,60.000,51.000,0.400,4.000,0.000,0.000,114293.594,25674405888.000,114293.594,25674405888.000,25674403840.000,25674403840.000,"LINESTRING (-96.774040 43.572936, -96.770156 43.612802)",24080.527,6638.897,15255.175,45974.600,45974.600,45974.600,1.964,76.624,45.975,1.964,76.624,45.975,60.000,60.000,60.000,60.000,0.000,0.000,0.000,0.000,60.000,60.000,60.000,60.000,60.000,60.000,60.000,60.000,60.000,60.000,60.000,60.000,60.000,60.000,60.000,60.000,60.000,60.000,60.000,60.000,60.000,60.000,60.000,60.000,60.000,60.000,60.000,60.000,60.000,60.000,60.000,60.000,60.000,60.000,60.000,60.000,60.000,60.000,60.000,60.000,60.000,60.000,60.000,60.000,60.000,60.000,60.000,60.000,,45974.600,45974.600,0.000,0.000,0.000,0.000,1.964,1.964,0.000,75.486,75.486,0.000,period-based
6,6,bpr,3,4,1.000000,4.000000,2.486016,4.000000,-1,0,,network_wide,-1,0,-1,1,1,,,0700_0800,74113.398,-1.000,0.000,0.000,0.000,0.000,,,,0.000,74113.398,215.196,0.000,0.000,0.000,4.331,4.331,17110.524,17110.524,0.000,0.000,0.000,1.000,1.000,74113.396,0.955,1.142,130.198,1.083,60.000,51.000,0.400,4.000,0.000,0.000,184247.109,279507664896.000,184247.109,279507664896.000,279507632128.000,279507632128.000,"LINESTRING (-96.774389 43.572711, -96.747254 43.563403)",69069.815,1717.841,3325.740,74113.396,74113.396,74113.396,4.331,123.522,74.113,4.331,123.522,74.113,60.000,60.000,60.000,60.000,0.000,0.000,0.000,0.000,60.000,60.000,60.000,60.000,60.000,60.000,60.000,60.000,60.000,60.000,60.000,60.000,60.000,60.000,60.000,60.000,60.000,60.000,60.000,60.000,60.000,60.000,60.000,60.000,60.000,60.000,60.000,60.000,60.000,60.000,60.000,60.000,60.000,60.000,60.000,60.000,60.000,60.000,60.000,60.000,60.000,60.000,60.000,60.000,60.000,60.000,60.000,60.000,,74113.394,74113.394,0.000,0.000,0.000,0.000,4.331,4.331,0.000,130.198,130.198,0.000,period-based
7,7,bpr,3,12,1.000000,4.000000,2.486016,4.000000,-1,0,,network_wide,-1,0,-1,1,1,,,0700_0800,66325.844,-1.000,0.000,0.000,0.000,0.000,,,,0.000,66325.844,42.704,0.000,0.000,0.000,2.834,2.834,23403.473,23403.473,0.000,0.000,0.000,1.000,1.000,66325.844,0.955,1.142,114.701,1.083,60.000,51.000,0.400,4.000,0.000,0.000,164887.125,160444219392.000,164887.125,160444219392.000,160444219392.000,160444219392.000,"LINESTRING (-96.774563 43.573014, -96.780396 43.543993)",49845.884,5157.163,11322.797,66325.844,66325.844,66325.844,2.834,110.543,66.326,2.834,110.543,66.326,60.000,60.000,60.000,60.000,0.000,0.000,0.000,0.000,60.000,60.000,60.000,60.000,60.000,60.000,60.000,60.000,60.000,60.000,60.000,60.000,60.000,60.000,60.000,60.000,60.000,60.000,60.000,60.000,60.000,60.000,60.000,60.000,60.000,60.000,60.000,60.000,60.000,60.000,60.000,60.000,60.000,60.000,60.000,60.000,60.000,60.000,60.000,60.000,60.000,60.000,60.000,60.000,60.000,60.000,60.000,60.000,,66325.843,66325.843,0.000,0.000,0.000,0.000,2.834,2.834,0.000,114.701,114.701,0.000,period-based
8,8,bpr,4,3,1.000000,4.000000,2.486016,4.000000,-1,0,,network_wide,-1,0,-1,1,1,,,0700_0800,71516.828,-1.000,0.000,0.000,0.000,0.000,,,,0.000,71516.828,187.118,0.000,0.000,0.000,4.180,4.180,17110.524,17110.524,0.000,0.000,0.000,1.000,1.000,71516.825,0.955,1.142,125.004,1.083,60.000,51.000,0.400,4.000,0.000,0.000,177791.984,233857482752.000,177791.984,233857482752.000,233857466368.000,233857466368.000,"LINESTRING (-96.747083 43.563904, -96.774217 43.573212)",66881.709,1351.752,3283.363,71516.825,71516.825,71516.825,4.180,119.195,71.517,4.180,119.195,71.517,60.000,60.000,60.000,60.000,0.000,0.000,0.000,0.000,60.000,60.000,60.000,60.000,60.000,60.000,60.000,60.000,60.000,60.000,60.000,60.000,60.000,60.000,60.000,60.000,60.000,60.000,60.000,60.000,60.000,60.000,60.000,60.000,60.000,60.000,60.000,60.000,60.000,60.000,60.000,60.000,60.000,60.000,60.000,60.000,60.000,60.000,60.000,60.000,60.000,60.000,60.000,60.000,60.000,60.000,60.000,60.000,,71516.827,71516.827,0.000,0.000,0.000,0.000,4.180,4.180,0.000,125.004,125.004,0.000,period-based
9,9,bpr,4,5,1.000000,2.000000,1.243008,2.000000,-1,0,,network_wide,-1,0,-1,1,1,,,0700_0800,90861.953,-1.000,0.000,0.000,0.000,0.000,,,,0.000,90861.953,206.479,0.000,0.000,0.000,5.110,5.110,17782.794,17782.794,0.000,0.000,0.000,1.000,1.000,90861.955,0.955,1.142,164.293,1.083,60.000,51.000,0.400,4.000,0.000,0.000,112942.141,387070820352.000,112942.141,387070820352.000,387070820352.000,387070820352.000,"LINESTRING (-96.747162 43.563389, -96.731563 43.563769)",77341.695,3558.564,9961.696,90861.955,90861.955,90861.955,5.110,151.437,90.862,5.110,151.437,90.862,60.000,60.000,60.000,60.000,0.000,0.000,0.000,0.000,60.000,60.000,60.000,60.000,60.000,60.000,60.000,60.000,60.000,60.000,60.000,60.000,60.000,60.000,60.000,60.000,60.000,60.000,60.000,60.000,60.000,60.000,60.000,60.000,60.000,60.000,60.000,60.000,60.000,60.000,60.000,60.000,60.000,60.000,60.000,60.000,60.000,60.000,60.000,60.000,60.000,60.000,60.000,60.000,60.000,60.000,60.000,60.000,,90861.955,90861.955,0.000,0.000,0.000,0.000,5.110,5.110,0.000,164.293,164.293,0.000,period-based
10,10,bpr,4,11,1.000000,6.000000,3.729024,6.000000,-1,0,,network_wide,-1,0,-1,1,1,,,0700_0800,35714.984,-1.000,0.000,0.000,0.000,0.000,,,,0.000,35714.984,2527.934,0.000,0.000,0.000,7.276,7.276,4908.827,4908.827,0.000,0.000,0.000,1.000,1.000,35714.986,0.955,1.142,56.581,1.083,60.000,51.000,0.400,4.000,0.000,0.000,133182.047,10895708160.000,133182.047,10895708160.000,10895705088.000,10895704064.000,"LINESTRING (-96.747433 43.563649, -96.747105 43.544126)",1847.640,13132.355,20734.992,35714.986,35714.986,35714.986,7.276,59.525,35.715,7.276,59.525,35.715,60.000,60.000,60.000,60.000,0.000,0.000,0.000,0.000,60.000,60.000,60.000,60.000,60.000,60.000,60.000,60.000,60.000,60.000,60.000,60.000,60.000,60.000,60.000,60.000,60.000,60.000,60.000,60.000,60.000,60.000,60.000,60.000,60.000,60.000,60.000,60.000,60.000,60.000,60.000,60.000,60.000,60.000,60.000,60.000,60.000,60.000,60.000,60.000,60.000,60.000,60.000,60.000,60.000,60.000,60.000,60.000,,35714.986,35714.986,0.000,0.000,0.000,0.000,7.276,7.276,0.000,56.581,56.581,0.000,period-based
11,11,bpr,5,4,1.000000,2.000000,1.243008,2.000000,-1,0,,network_wide,-1,0,-1,1,1,,,0700_0800,87278.977,-1.000,0.000,0.000,0.000,0.000,,,,0.000,87278.977,176.084,0.000,0.000,0.000,4.908,4.908,17782.794,17782.794,0.000,0.000,0.000,1.000,1.000,87278.977,0.955,1.142,156.918,1.083,60.000,51.000,0.400,4.000,0.000,0.000,108488.477,316539797504.000,108488.477,316539797504.000,316539797504.000,316539797504.000,"LINESTRING (-96.731576 43.564298, -96.747175 43.563918)",74454.332,3410.502,9414.143,87278.977,87278.977,87278.977,4.908,145.465,87.279,4.908,145.465,87.279,60.000,60.000,60.000,60.000,0.000,0.000,0.000,0.000,60.000,60.000,60.000,60.000,60.000,60.000,60.000,60.000,60.000,60.000,60.000,60.000,60.000,60.000,60.000,60.000,60.000,60.000,60.000,60.000,60.000,60.000,60.000,60.000,60.000,60.000,60.000,60.000,60.000,60.000,60.000,60.000,60.000,60.000,60.000,60.000,60.000,60.000,60.000,60.000,60.000,60.000,60.000,60.000,60.000,60.000,60.000,60.000,,87278.981,87278.981,0.000,0.000,0.000,0.000,4.908,4.908,0.000,156.918,156.918,0.000,period-based
12,12,bpr,5,6,1.000000,4.000000,2.486016,4.000000,-1,0,,network_wide,-1,0,-1,1,1,,,0700_0800,32310.055,-1.000,0.000,0.000,0.000,0.000,,,,0.000,32310.055,1094.900,0.000,0.000,0.000,6.530,6.530,4947.995,4947.995,0.000,0.000,0.000,1.000,1.000,32310.054,0.955,1.142,50.466,1.083,60.000,51.000,0.400,4.000,0.000,0.000,80323.320,4401503744.000,80323.320,4401503744.000,4401501696.000,4401501184.000,"LINESTRING (-96.731367 43.563863, -96.711442 43.587414)",12357.074,6821.252,13131.728,32310.054,32310.054,32310.054,6.530,53.850,32.310,6.530,53.850,32.310,60.000,60.000,60.000,60.000,0.000,0.000,0.000,0.000,60.000,60.000,60.000,60.000,60.000,60.000,60.000,60.000,60.000,60.000,60.000,60.000,60.000,60.000,60.000,60.000,60.000,60.000,60.000,60.000,60.000,60.000,60.000,60.000,60.000,60.000,60.000,60.000,60.000,60.000,60.000,60.000,60.000,60.000,60.000,60.000,60.000,60.000,60.000,60.000,60.000,60.000,60.000,60.000,60.000,60.000,60.000,60.000,,32310.054,32310.054,0.000,0.000,0.000,0.000,6.530,6.530,0.000,50.466,50.466,0.000,period-based
13,13,bpr,5,9,1.000000,5.000000,3.107520,5.000000,-1,0,,network_wide,-1,0,-1,1,1,,,0700_0800,85670.039,-1.000,0.000,0.000,0.000,0.000,,,,0.000,85670.039,4044.960,0.000,0.000,0.000,8.567,8.567,10000.000,10000.000,0.000,0.000,0.000,1.000,1.000,85670.037,0.955,1.142,153.620,1.083,60.000,51.000,0.400,4.000,0.000,0.000,266221.375,721049092096.000,266221.375,721049092096.000,721049092096.000,721049092096.000,"LINESTRING (-96.731834 43.564028, -96.731506 43.548591)",83400.291,86.763,2182.982,85670.037,85670.037,85670.037,8.567,142.783,85.670,8.567,142.783,85.670,60.000,60.000,60.000,60.000,0.000,0.000,0.000,0.000,60.000,60.000,60.000,60.000,60.000,60.000,60.000,60.000,60.000,60.000,60.000,60.000,60.000,60.000,60.000,60.000,60.000,60.000,60.000,60.000,60.000,60.000,60.000,60.000,60.000,60.000,60.000,60.000,60.000,60.000,60.000,60.000,60.000,60.000,60.000,60.000,60.000,60.000,60.000,60.000,60.000,60.000,60.000,60.000,60.000,60.000,60.000,60.000,,85670.034,85670.034,0.000,0.000,0.000,0.000,8.567,8.567,0.000,153.620,153.620,0.000,period-based
14,14,bpr,6,2,1.000000,5.000000,3.107520,5.000000,-1,0,,network_wide,-1,0,-1,1,1,,,0700_0800,32177.900,-1.000,0.000,0.000,0.000,0.000,,,,0.000,32177.900,1335.462,0.000,0.000,0.000,6.490,6.490,4958.181,4958.181,0.000,0.000,0.000,1.000,1.000,32177.900,0.955,1.142,50.231,1.083,60.000,51.000,0.400,4.000,0.000,0.000,99993.477,5390278656.000,99993.477,5390278656.000,5390275584.000,5390275072.000,"LINESTRING (-96.711379 43.587580, -96.710986 43.605807)",3078.861,9343.892,19755.147,32177.900,32177.900,32177.900,6.490,53.630,32.178,6.490,53.630,32.178,60.000,60.000,60.000,60.000,0.000,0.000,0.000,0.000,60.000,60.000,60.000,60.000,60.000,60.000,60.000,60.000,60.000,60.000,60.000,60.000,60.000,60.000,60.000,60.000,60.000,60.000,60.000,60.000,60.000,60.000,60.000,60.000,60.000,60.000,60.000,60.000,60.000,60.000,60.000,60.000,60.000,60.000,60.000,60.000,60.000,60.000,60.000,60.000,60.000,60.000,60.000,60.000,60.000,60.000,60.000,60.000,,32177.899,32177.899,0.000,0.000,0.000,0.000,6.490,6.490,0.000,50.231,50.231,0.000,period-based
15,15,bpr,6,5,1.000000,4.000000,2.486016,4.000000,-1,0,,network_wide,-1,0,-1,1,1,,,0700_0800,31770.621,-1.000,0.000,0.000,0.000,0.000,,,,0.000,31770.621,1023.851,0.000,0.000,0.000,6.421,6.421,4947.995,4947.995,0.000,0.000,0.000,1.000,1.000,31770.621,0.955,1.142,49.505,1.083,60.000,51.000,0.400,4.000,0.000,0.000,78982.281,4046144256.000,78982.281,4046144256.000,4046142208.000,4046141696.000,"LINESTRING (-96.711846 43.587757, -96.731771 43.564205)",13159.673,5999.135,12611.813,31770.621,31770.621,31770.621,6.421,52.951,31.771,6.421,52.951,31.771,60.000,60.000,60.000,60.000,0.000,0.000,0.000,0.000,60.000,60.000,60.000,60.000,60.000,60.000,60.000,60.000,60.000,60.000,60.000,60.000,60.000,60.000,60.000,60.000,60.000,60.000,60.000,60.000,60.000,60.000,60.000,60.000,60.000,60.000,60.000,60.000,60.000,60.000,60.000,60.000,60.000,60.000,60.000,60.000,60.000,60.000,60.000,60.000,60.000,60.000,60.000,60.000,60.000,60.000,60.000,60.000,,31770.621,31770.621,0.000,0.000,0.000,0.000,6.421,6.421,0.000,49.505,49.505,0.000,period-based
16,16,bpr,6,8,1.000000,2.000000,1.243008,2.000000,-1,0,,network_wide,-1,0,-1,1,1,,,0700_0800,63402.020,-1.000,0.000,0.000,0.000,0.000,,,,0.000,63402.020,8420.797,0.000,0.000,0.000,12.943,12.943,4898.588,4898.588,0.000,0.000,0.000,1.000,1.000,63402.018,0.955,1.142,108.947,1.083,60.000,51.000,0.400,4.000,0.000,0.000,78809.219,64031784960.000,78809.219,64031784960.000,64031784960.000,64031784960.000,"LINESTRING (-96.711909 43.587583, -96.711647 43.562321)",8406.586,20546.749,34448.683,63402.018,63402.018,63402.018,12.943,105.670,63.402,12.943,105.670,63.402,60.000,60.000,60.000,60.000,0.000,0.000,0.000,0.000,60.000,60.000,60.000,60.000,60.000,60.000,60.000,60.000,60.000,60.000,60.000,60.000,60.000,60.000,60.000,60.000,60.000,60.000,60.000,60.000,60.000,60.000,60.000,60.000,60.000,60.000,60.000,60.000,60.000,60.000,60.000,60.000,60.000,60.000,60.000,60.000,60.000,60.000,60.000,60.000,60.000,60.000,60.000,60.000,60.000,60.000,60.000,60.000,,63402.018,63402.018,0.000,0.000,0.000,0.000,12.943,12.943,0.000,108.947,108.947,0.000,period-based
17,17,bpr,7,8,1.000000,3.000000,1.864512,3.000000,-1,0,,network_wide,-1,0,-1,1,1,,,0700_0800,57159.016,-1.000,0.000,0.000,0.000,0.000,,,,0.000,57159.016,1273.240,0.000,0.000,0.000,7.289,7.289,7841.811,7841.811,0.000,0.000,0.000,1.000,1.000,57159.016,0.955,1.142,96.788,1.083,60.000,51.000,0.400,4.000,0.000,0.000,106573.680,57199902720.000,106573.680,57199902720.000,57199898624.000,57199898624.000,"LINESTRING (-96.693445 43.564107, -96.711404 43.562588)",33060.275,8492.568,15606.174,57159.016,57159.016,57159.016,7.289,95.265,57.159,7.289,95.265,57.159,60.000,60.000,60.000,60.000,0.000,0.000,0.000,0.000,60.000,60.000,60.000,60.000,60.000,60.000,60.000,60.000,60.000,60.000,60.000,60.000,60.000,60.000,60.000,60.000,60.000,60.000,60.000,60.000,60.000,60.000,60.000,60.000,60.000,60.000,60.000,60.000,60.000,60.000,60.000,60.000,60.000,60.000,60.000,60.000,60.000,60.000,60.000,60.000,60.000,60.000,60.000,60.000,60.000,60.000,60.000,60.000,,57159.015,57159.015,0.000,0.000,0.000,0.000,7.289,7.289,0.000,96.788,96.788,0.000,period-based
18,18,bpr,7,18,1.000000,2.000000,1.243008,2.000000,-1,0,,network_wide,-1,0,-1,1,1,,,0700_0800,64349.273,-1.000,0.000,0.000,0.000,0.000,,,,0.000,64349.273,19.146,0.000,0.000,0.000,2.750,2.750,23403.473,23403.473,0.000,0.000,0.000,1.000,1.000,64349.275,0.955,1.142,110.807,1.083,60.000,51.000,0.400,4.000,0.000,0.000,79986.664,68960190464.000,79986.664,68960190464.000,68960190464.000,68960190464.000,"LINESTRING (-96.693687 43.563854, -96.694343 43.546754)",44307.359,5658.563,14383.352,64349.275,64349.275,64349.275,2.750,107.249,64.349,2.750,107.249,64.349,60.000,60.000,60.000,60.000,0.000,0.000,0.000,0.000,60.000,60.000,60.000,60.000,60.000,60.000,60.000,60.000,60.000,60.000,60.000,60.000,60.000,60.000,60.000,60.000,60.000,60.000,60.000,60.000,60.000,60.000,60.000,60.000,60.000,60.000,60.000,60.000,60.000,60.000,60.000,60.000,60.000,60.000,60.000,60.000,60.000,60.000,60.000,60.000,60.000,60.000,60.000,60.000,60.000,60.000,60.000,60.000,,64349.275,64349.275,0.000,0.000,0.000,0.000,2.750,2.750,0.000,110.807,110.807,0.000,period-based
19,19,bpr,8,6,1.000000,2.000000,1.243008,2.000000,-1,0,,network_wide,-1,0,-1,1,1,,,0700_0800,58533.516,-1.000,0.000,0.000,0.000,0.000,,,,0.000,58533.516,6117.840,0.000,0.000,0.000,11.949,11.949,4898.588,4898.588,0.000,0.000,0.000,1.000,1.000,58533.515,0.955,1.142,99.450,1.083,60.000,51.000,0.400,4.000,0.000,0.000,72757.633,42944077824.000,72757.633,42944077824.000,42944077824.000,42944077824.000,"LINESTRING (-96.711117 43.562327, -96.711379 43.587588)",10944.509,15514.137,32074.870,58533.515,58533.515,58533.515,11.949,97.556,58.534,11.949,97.556,58.534,60.000,60.000,60.000,60.000,0.000,0.000,0.000,0.000,60.000,60.000,60.000,60.000,60.000,60.000,60.000,60.000,60.000,60.000,60.000,60.000,60.000,60.000,60.000,60.000,60.000,60.000,60.000,60.000,60.000,60.000,60.000,60.000,60.000,60.000,60.000,60.000,60.000,60.000,60.000,60.000,60.000,60.000,60.000,60.000,60.000,60.000,60.000,60.000,60.000,60.000,60.000,60.000,60.000,60.000,60.000,60.000,,58533.515,58533.515,0.000,0.000,0.000,0.000,11.949,11.949,0.000,99.450,99.450,0.000,period-based
20,20,bpr,8,7,1.000000,3.000000,1.864512,3.000000,-1,0,,network_wide,-1,0,-1,1,1,,,0700_0800,53710.289,-1.000,0.000,0.000,0.000,0.000,,,,0.000,53710.289,993.323,0.000,0.000,0.000,6.849,6.849,7841.811,7841.811,0.000,0.000,0.000,1.000,1.000,53710.290,0.955,1.142,90.151,1.083,60.000,51.000,0.400,4.000,0.000,0.000,100143.484,41904349184.000,100143.484,41904349184.000,41904349184.000,41904349184.000,"LINESTRING (-96.711359 43.562060, -96.693400 43.563580)",31828.840,7448.064,14433.386,53710.290,53710.290,53710.290,6.849,89.517,53.710,6.849,89.517,53.710,60.000,60.000,60.000,60.000,0.000,0.000,0.000,0.000,60.000,60.000,60.000,60.000,60.000,60.000,60.000,60.000,60.000,60.000,60.000,60.000,60.000,60.000,60.000,60.000,60.000,60.000,60.000,60.000,60.000,60.000,60.000,60.000,60.000,60.000,60.000,60.000,60.000,60.000,60.000,60.000,60.000,60.000,60.000,60.000,60.000,60.000,60.000,60.000,60.000,60.000,60.000,60.000,60.000,60.000,60.000,60.000,,53710.291,53710.291,0.000,0.000,0.000,0.000,6.849,6.849,0.000,90.151,90.151,0.000,period-based
21,21,bpr,8,9,1.000000,10.000000,6.215040,10.000000,-1,0,,network_wide,-1,0,-1,1,1,,,0700_0800,43127.613,-1.000,0.000,0.000,0.000,0.000,,,,0.000,43127.613,7987.762,0.000,0.000,0.000,8.540,8.540,5050.193,5050.193,0.000,0.000,0.000,1.000,1.000,43127.615,0.955,1.142,70.174,1.083,60.000,51.000,0.400,4.000,0.000,0.000,268039.844,46625988608.000,268039.844,46625988608.000,46625980416.000,46625976320.000,"LINESTRING (-96.711532 43.562542, -96.731392 43.548814)",20457.216,8141.083,14529.316,43127.615,43127.615,43127.615,8.540,71.879,43.128,8.540,71.879,43.128,60.000,60.000,60.000,60.000,0.000,0.000,0.000,0.000,60.000,60.000,60.000,60.000,60.000,60.000,60.000,60.000,60.000,60.000,60.000,60.000,60.000,60.000,60.000,60.000,60.000,60.000,60.000,60.000,60.000,60.000,60.000,60.000,60.000,60.000,60.000,60.000,60.000,60.000,60.000,60.000,60.000,60.000,60.000,60.000,60.000,60.000,60.000,60.000,60.000,60.000,60.000,60.000,60.000,60.000,60.000,60.000,,43127.614,43127.614,0.000,0.000,0.000,0.000,8.540,8.540,0.000,70.174,70.174,0.000,period-based
22,22,bpr,8,16,1.000000,5.000000,3.107520,5.000000,-1,0,,network_wide,-1,0,-1,1,1,,,0700_0800,52512.992,-1.000,0.000,0.000,0.000,0.000,,,,0.000,52512.992,8803.333,0.000,0.000,0.000,10.407,10.407,5045.823,5045.823,0.000,0.000,0.000,1.000,1.000,52512.992,0.955,1.142,87.860,1.083,60.000,51.000,0.400,4.000,0.000,0.000,163185.188,62395633664.000,163185.188,62395633664.000,62395629568.000,62395629568.000,"LINESTRING (-96.711647 43.562324, -96.711647 43.546744)",309.619,19662.090,32541.283,52512.992,52512.992,52512.992,10.407,87.522,52.513,10.407,87.522,52.513,60.000,60.000,60.000,60.000,0.000,0.000,0.000,0.000,60.000,60.000,60.000,60.000,60.000,60.000,60.000,60.000,60.000,60.000,60.000,60.000,60.000,60.000,60.000,60.000,60.000,60.000,60.000,60.000,60.000,60.000,60.000,60.000,60.000,60.000,60.000,60.000,60.000,60.000,60.000,60.000,60.000,60.000,60.000,60.000,60.000,60.000,60.000,60.000,60.000,60.000,60.000,60.000,60.000,60.000,60.000,60.000,,52512.992,52512.992,0.000,0.000,0.000,0.000,10.407,10.407,0.000,87.860,87.860,0.000,period-based
23,23,bpr,9,5,1.000000,5.000000,3.107520,5.000000,-1,0,,network_wide,-1,0,-1,1,1,,,0700_0800,80686.148,-1.000,0.000,0.000,0.000,0.000,,,,0.000,80686.148,3183.756,0.000,0.000,0.000,8.069,8.069,10000.000,10000.000,0.000,0.000,0.000,1.000,1.000,80686.147,0.955,1.142,143.460,1.083,60.000,51.000,0.400,4.000,0.000,0.000,250733.844,534336667648.000,250733.844,534336667648.000,534336667648.000,534336667648.000,"LINESTRING (-96.730977 43.548602, -96.731304 43.564039)",79710.329,0.000,975.818,80686.147,80686.147,80686.147,8.069,134.477,80.686,8.069,134.477,80.686,60.000,60.000,60.000,60.000,0.000,0.000,0.000,0.000,60.000,60.000,60.000,60.000,60.000,60.000,60.000,60.000,60.000,60.000,60.000,60.000,60.000,60.000,60.000,60.000,60.000,60.000,60.000,60.000,60.000,60.000,60.000,60.000,60.000,60.000,60.000,60.000,60.000,60.000,60.000,60.000,60.000,60.000,60.000,60.000,60.000,60.000,60.000,60.000,60.000,60.000,60.000,60.000,60.000,60.000,60.000,60.000,,80686.146,80686.146,0.000,0.000,0.000,0.000,8.069,8.069,0.000,143.460,143.460,0.000,period-based
24,24,bpr,9,8,1.000000,10.000000,6.215040,10.000000,-1,0,,network_wide,-1,0,-1,1,1,,,0700_0800,41119.371,-1.000,0.000,0.000,0.000,0.000,,,,0.000,41119.371,6602.425,0.000,0.000,0.000,8.142,8.142,5050.193,5050.193,0.000,0.000,0.000,1.000,1.000,41119.372,0.955,1.142,66.456,1.083,60.000,51.000,0.400,4.000,0.000,0.000,255558.547,36735283200.000,255558.547,36735283200.000,36735279104.000,36735275008.000,"LINESTRING (-96.731091 43.548379, -96.711231 43.562106)",21771.668,6184.570,13163.135,41119.372,41119.372,41119.372,8.142,68.532,41.119,8.142,68.532,41.119,60.000,60.000,60.000,60.000,0.000,0.000,0.000,0.000,60.000,60.000,60.000,60.000,60.000,60.000,60.000,60.000,60.000,60.000,60.000,60.000,60.000,60.000,60.000,60.000,60.000,60.000,60.000,60.000,60.000,60.000,60.000,60.000,60.000,60.000,60.000,60.000,60.000,60.000,60.000,60.000,60.000,60.000,60.000,60.000,60.000,60.000,60.000,60.000,60.000,60.000,60.000,60.000,60.000,60.000,60.000,60.000,,41119.373,41119.373,0.000,0.000,0.000,0.000,8.142,8.142,0.000,66.456,66.456,0.000,period-based
25,25,bpr,9,10,1.000000,3.000000,1.864512,3.000000,-1,0,,network_wide,-1,0,-1,1,1,,,0700_0800,95302.289,-1.000,0.000,0.000,0.000,0.000,,,,0.000,95302.289,992.907,0.000,0.000,0.000,6.849,6.849,13915.788,13915.788,0.000,0.000,0.000,1.000,1.000,95302.291,0.955,1.142,173.489,1.083,60.000,51.000,0.400,4.000,0.000,0.000,177692.266,737034829824.000,177692.266,737034829824.000,737034829824.000,737034829824.000,"LINESTRING (-96.731506 43.548612, -96.731702 43.545287)",90007.783,1430.988,3863.521,95302.291,95302.291,95302.291,6.849,158.837,95.302,6.849,158.837,95.302,60.000,60.000,60.000,60.000,0.000,0.000,0.000,0.000,60.000,60.000,60.000,60.000,60.000,60.000,60.000,60.000,60.000,60.000,60.000,60.000,60.000,60.000,60.000,60.000,60.000,60.000,60.000,60.000,60.000,60.000,60.000,60.000,60.000,60.000,60.000,60.000,60.000,60.000,60.000,60.000,60.000,60.000,60.000,60.000,60.000,60.000,60.000,60.000,60.000,60.000,60.000,60.000,60.000,60.000,60.000,60.000,,95302.289,95302.289,0.000,0.000,0.000,0.000,6.849,6.849,0.000,173.489,173.489,0.000,period-based
26,26,bpr,10,9,1.000000,3.000000,1.864512,3.000000,-1,0,,network_wide,-1,0,-1,1,1,,,0700_0800,92079.492,-1.000,0.000,0.000,0.000,0.000,,,,0.000,92079.492,865.646,0.000,0.000,0.000,6.617,6.617,13915.788,13915.788,0.000,0.000,0.000,1.000,1.000,92079.489,0.955,1.142,166.808,1.083,60.000,51.000,0.400,4.000,0.000,0.000,171683.328,620562939904.000,171683.328,620562939904.000,620562939904.000,620562939904.000,"LINESTRING (-96.731174 43.545255, -96.730977 43.548581)",87832.273,658.556,3588.660,92079.489,92079.489,92079.489,6.617,153.466,92.079,6.617,153.466,92.079,60.000,60.000,60.000,60.000,0.000,0.000,0.000,0.000,60.000,60.000,60.000,60.000,60.000,60.000,60.000,60.000,60.000,60.000,60.000,60.000,60.000,60.000,60.000,60.000,60.000,60.000,60.000,60.000,60.000,60.000,60.000,60.000,60.000,60.000,60.000,60.000,60.000,60.000,60.000,60.000,60.000,60.000,60.000,60.000,60.000,60.000,60.000,60.000,60.000,60.000,60.000,60.000,60.000,60.000,60.000,60.000,,92079.489,92079.489,0.000,0.000,0.000,0.000,6.617,6.617,0.000,166.808,166.808,0.000,period-based
27,27,bpr,10,11,1.000000,5.000000,3.107520,5.000000,-1,0,,network_wide,-1,0,-1,1,1,,,0700_0800,65645.344,-1.000,0.000,0.000,0.000,0.000,,,,0.000,65645.344,1397.762,0.000,0.000,0.000,6.565,6.565,10000.000,10000.000,0.000,0.000,0.000,1.000,1.000,65645.345,0.955,1.142,113.358,1.083,60.000,51.000,0.400,4.000,0.000,0.000,203994.234,190475812864.000,203994.234,190475812864.000,190475812864.000,190475812864.000,"LINESTRING (-96.731458 43.545535, -96.746860 43.544395)",38500.119,5806.471,21338.754,65645.345,65645.345,65645.345,6.565,109.409,65.645,6.565,109.409,65.645,60.000,60.000,60.000,60.000,0.000,0.000,0.000,0.000,60.000,60.000,60.000,60.000,60.000,60.000,60.000,60.000,60.000,60.000,60.000,60.000,60.000,60.000,60.000,60.000,60.000,60.000,60.000,60.000,60.000,60.000,60.000,60.000,60.000,60.000,60.000,60.000,60.000,60.000,60.000,60.000,60.000,60.000,60.000,60.000,60.000,60.000,60.000,60.000,60.000,60.000,60.000,60.000,60.000,60.000,60.000,60.000,,65645.346,65645.346,0.000,0.000,0.000,0.000,6.565,6.565,0.000,113.358,113.358,0.000,period-based
28,28,bpr,10,15,1.000000,6.000000,3.729024,6.000000,-1,0,,network_wide,-1,0,-1,1,1,,,0700_0800,97021.156,-1.000,0.000,0.000,0.000,0.000,,,,0.000,97021.156,2398.376,0.000,0.000,0.000,7.180,7.180,13512.002,13512.002,0.000,0.000,0.000,1.000,1.000,97021.153,0.955,1.142,177.066,1.083,60.000,51.000,0.400,4.000,0.000,0.000,361794.250,1611882823680.000,361794.250,1611882823680.000,1611882823680.000,1611882823680.000,"LINESTRING (-96.731703 43.545272, -96.731768 43.529402)",97021.153,0.000,0.000,97021.153,97021.153,97021.153,7.180,161.702,97.021,7.180,161.702,97.021,60.000,60.000,60.000,60.000,0.000,0.000,0.000,0.000,60.000,60.000,60.000,60.000,60.000,60.000,60.000,60.000,60.000,60.000,60.000,60.000,60.000,60.000,60.000,60.000,60.000,60.000,60.000,60.000,60.000,60.000,60.000,60.000,60.000,60.000,60.000,60.000,60.000,60.000,60.000,60.000,60.000,60.000,60.000,60.000,60.000,60.000,60.000,60.000,60.000,60.000,60.000,60.000,60.000,60.000,60.000,60.000,,97021.156,97021.156,0.000,0.000,0.000,0.000,7.180,7.180,0.000,177.066,177.066,0.000,period-based
29,29,bpr,10,16,1.000000,4.000000,2.486016,4.000000,-1,0,,network_wide,-1,0,-1,1,1,,,0700_0800,53043.625,-1.000,0.000,0.000,0.000,0.000,,,,0.000,53043.625,8553.811,0.000,0.000,0.000,10.926,10.926,4854.918,4854.918,0.000,0.000,0.000,1.000,1.000,53043.624,0.955,1.142,88.874,1.083,60.000,51.000,0.400,4.000,0.000,0.000,131867.312,52489969664.000,131867.312,52489969664.000,52489965568.000,52489965568.000,"LINESTRING (-96.731419 43.545007, -96.711362 43.546480)",20077.352,11428.343,21537.928,53043.624,53043.624,53043.624,10.926,88.406,53.044,10.926,88.406,53.044,60.000,60.000,60.000,60.000,0.000,0.000,0.000,0.000,60.000,60.000,60.000,60.000,60.000,60.000,60.000,60.000,60.000,60.000,60.000,60.000,60.000,60.000,60.000,60.000,60.000,60.000,60.000,60.000,60.000,60.000,60.000,60.000,60.000,60.000,60.000,60.000,60.000,60.000,60.000,60.000,60.000,60.000,60.000,60.000,60.000,60.000,60.000,60.000,60.000,60.000,60.000,60.000,60.000,60.000,60.000,60.000,,53043.622,53043.622,0.000,0.000,0.000,0.000,10.926,10.926,0.000,88.874,88.874,0.000,period-based
30,30,bpr,10,17,1.000000,8.000000,4.972032,8.000000,-1,0,,network_wide,-1,0,-1,1,1,,,0700_0800,49602.031,-1.000,0.000,0.000,0.000,0.000,,,,0.000,49602.031,11691.022,0.000,0.000,0.000,9.933,9.933,4993.511,4993.511,0.000,0.000,0.000,1.000,1.000,49602.032,0.955,1.142,82.322,1.083,60.000,51.000,0.400,4.000,0.000,0.000,246622.906,75065057280.000,246622.906,75065057280.000,75065049088.000,75065049088.000,"LINESTRING (-96.731490 43.545011, -96.711433 43.541020)",24323.956,8300.693,16977.384,49602.032,49602.032,49602.032,9.933,82.670,49.602,9.933,82.670,49.602,60.000,60.000,60.000,60.000,0.000,0.000,0.000,0.000,60.000,60.000,60.000,60.000,60.000,60.000,60.000,60.000,60.000,60.000,60.000,60.000,60.000,60.000,60.000,60.000,60.000,60.000,60.000,60.000,60.000,60.000,60.000,60.000,60.000,60.000,60.000,60.000,60.000,60.000,60.000,60.000,60.000,60.000,60.000,60.000,60.000,60.000,60.000,60.000,60.000,60.000,60.000,60.000,60.000,60.000,60.000,60.000,,49602.030,49602.030,0.000,0.000,0.000,0.000,9.933,9.933,0.000,82.322,82.322,0.000,period-based
31,31,bpr,11,4,1.000000,6.000000,3.729024,6.000000,-1,0,,network_wide,-1,0,-1,1,1,,,0700_0800,34712.996,-1.000,0.000,0.000,0.000,0.000,,,,0.000,34712.996,2256.609,0.000,0.000,0.000,7.072,7.072,4908.827,4908.827,0.000,0.000,0.000,1.000,1.000,34712.994,0.955,1.142,54.773,1.083,60.000,51.000,0.400,4.000,0.000,0.000,129445.602,9450693632.000,129445.602,9450693632.000,9450690560.000,9450689536.000,"LINESTRING (-96.746576 43.544135, -96.746904 43.563658)",2746.897,11489.110,20476.987,34712.994,34712.994,34712.994,7.072,57.855,34.713,7.072,57.855,34.713,60.000,60.000,60.000,60.000,0.000,0.000,0.000,0.000,60.000,60.000,60.000,60.000,60.000,60.000,60.000,60.000,60.000,60.000,60.000,60.000,60.000,60.000,60.000,60.000,60.000,60.000,60.000,60.000,60.000,60.000,60.000,60.000,60.000,60.000,60.000,60.000,60.000,60.000,60.000,60.000,60.000,60.000,60.000,60.000,60.000,60.000,60.000,60.000,60.000,60.000,60.000,60.000,60.000,60.000,60.000,60.000,,34712.994,34712.994,0.000,0.000,0.000,0.000,7.072,7.072,0.000,54.773,54.773,0.000,period-based
32,32,bpr,11,10,1.000000,5.000000,3.107520,5.000000,-1,0,,network_wide,-1,0,-1,1,1,,,0700_0800,71827.375,-1.000,0.000,0.000,0.000,0.000,,,,0.000,71827.375,2001.279,0.000,0.000,0.000,7.183,7.183,10000.000,10000.000,0.000,0.000,0.000,1.000,1.000,71827.373,0.955,1.142,125.624,1.083,60.000,51.000,0.400,4.000,0.000,0.000,223205.016,298723966976.000,223205.016,298723966976.000,298723966976.000,298723966976.000,"LINESTRING (-96.746821 43.543867, -96.731418 43.545007)",37471.573,10556.887,23798.913,71827.373,71827.373,71827.373,7.183,119.712,71.827,7.183,119.712,71.827,60.000,60.000,60.000,60.000,0.000,0.000,0.000,0.000,60.000,60.000,60.000,60.000,60.000,60.000,60.000,60.000,60.000,60.000,60.000,60.000,60.000,60.000,60.000,60.000,60.000,60.000,60.000,60.000,60.000,60.000,60.000,60.000,60.000,60.000,60.000,60.000,60.000,60.000,60.000,60.000,60.000,60.000,60.000,60.000,60.000,60.000,60.000,60.000,60.000,60.000,60.000,60.000,60.000,60.000,60.000,60.000,,71827.373,71827.373,0.000,0.000,0.000,0.000,7.183,7.183,0.000,125.624,125.624,0.000,period-based
33,33,bpr,11,12,1.000000,6.000000,3.729024,6.000000,-1,0,,network_wide,-1,0,-1,1,1,,,0700_0800,35656.082,-1.000,0.000,0.000,0.000,0.000,,,,0.000,35656.082,2511.337,0.000,0.000,0.000,7.264,7.264,4908.827,4908.827,0.000,0.000,0.000,1.000,1.000,35656.081,0.955,1.142,56.475,1.083,60.000,51.000,0.400,4.000,0.000,0.000,132962.391,10806152192.000,132962.391,10806152192.000,10806149120.000,10806148096.000,"LINESTRING (-96.746842 43.544395, -96.780138 43.544205)",7615.656,10471.841,17568.584,35656.081,35656.081,35656.081,7.264,59.427,35.656,7.264,59.427,35.656,60.000,60.000,60.000,60.000,0.000,0.000,0.000,0.000,60.000,60.000,60.000,60.000,60.000,60.000,60.000,60.000,60.000,60.000,60.000,60.000,60.000,60.000,60.000,60.000,60.000,60.000,60.000,60.000,60.000,60.000,60.000,60.000,60.000,60.000,60.000,60.000,60.000,60.000,60.000,60.000,60.000,60.000,60.000,60.000,60.000,60.000,60.000,60.000,60.000,60.000,60.000,60.000,60.000,60.000,60.000,60.000,,35656.081,35656.081,0.000,0.000,0.000,0.000,7.264,7.264,0.000,56.475,56.475,0.000,period-based
34,34,bpr,11,14,1.000000,4.000000,2.486016,4.000000,-1,0,,network_wide,-1,0,-1,1,1,,,0700_0800,49951.559,-1.000,0.000,0.000,0.000,0.000,,,,0.000,49951.559,6609.589,0.000,0.000,0.000,10.243,10.243,4876.508,4876.508,0.000,0.000,0.000,1.000,1.000,49951.559,0.955,1.142,82.985,1.083,60.000,51.000,0.400,4.000,0.000,0.000,124180.383,38873686016.000,124180.383,38873686016.000,38873681920.000,38873681920.000,"LINESTRING (-96.747096 43.544203, -96.751290 43.529378)",1705.371,17624.178,30622.011,49951.559,49951.559,49951.559,10.243,83.253,49.952,10.243,83.253,49.952,60.000,60.000,60.000,60.000,0.000,0.000,0.000,0.000,60.000,60.000,60.000,60.000,60.000,60.000,60.000,60.000,60.000,60.000,60.000,60.000,60.000,60.000,60.000,60.000,60.000,60.000,60.000,60.000,60.000,60.000,60.000,60.000,60.000,60.000,60.000,60.000,60.000,60.000,60.000,60.000,60.000,60.000,60.000,60.000,60.000,60.000,60.000,60.000,60.000,60.000,60.000,60.000,60.000,60.000,60.000,60.000,,49951.560,49951.560,0.000,0.000,0.000,0.000,10.243,10.243,0.000,82.985,82.985,0.000,period-based
35,35,bpr,12,3,1.000000,4.000000,2.486016,4.000000,-1,0,,network_wide,-1,0,-1,1,1,,,0700_0800,66188.125,-1.000,0.000,0.000,0.000,0.000,,,,0.000,66188.125,42.384,0.000,0.000,0.000,2.828,2.828,23403.473,23403.473,0.000,0.000,0.000,1.000,1.000,66188.125,0.955,1.142,114.429,1.083,60.000,51.000,0.400,4.000,0.000,0.000,164544.750,158785404928.000,164544.750,158785404928.000,158785388544.000,158785388544.000,"LINESTRING (-96.779877 43.543888, -96.774044 43.572909)",50298.666,4789.323,11100.137,66188.125,66188.125,66188.125,2.828,110.314,66.188,2.828,110.314,66.188,60.000,60.000,60.000,60.000,0.000,0.000,0.000,0.000,60.000,60.000,60.000,60.000,60.000,60.000,60.000,60.000,60.000,60.000,60.000,60.000,60.000,60.000,60.000,60.000,60.000,60.000,60.000,60.000,60.000,60.000,60.000,60.000,60.000,60.000,60.000,60.000,60.000,60.000,60.000,60.000,60.000,60.000,60.000,60.000,60.000,60.000,60.000,60.000,60.000,60.000,60.000,60.000,60.000,60.000,60.000,60.000,,66188.124,66188.124,0.000,0.000,0.000,0.000,2.828,2.828,0.000,114.429,114.429,0.000,period-based
36,36,bpr,12,11,1.000000,6.000000,3.729024,6.000000,-1,0,,network_wide,-1,0,-1,1,1,,,0700_0800,38251.328,-1.000,0.000,0.000,0.000,0.000,,,,0.000,38251.328,3324.316,0.000,0.000,0.000,7.792,7.792,4908.827,4908.827,0.000,0.000,0.000,1.000,1.000,38251.328,0.955,1.142,61.191,1.083,60.000,51.000,0.400,4.000,0.000,0.000,142640.125,15354482688.000,142640.125,15354482688.000,15354479616.000,15354478592.000,"LINESTRING (-96.780135 43.543676, -96.746839 43.543866)",7077.960,12397.946,18775.422,38251.328,38251.328,38251.328,7.792,63.752,38.251,7.792,63.752,38.251,60.000,60.000,60.000,60.000,0.000,0.000,0.000,0.000,60.000,60.000,60.000,60.000,60.000,60.000,60.000,60.000,60.000,60.000,60.000,60.000,60.000,60.000,60.000,60.000,60.000,60.000,60.000,60.000,60.000,60.000,60.000,60.000,60.000,60.000,60.000,60.000,60.000,60.000,60.000,60.000,60.000,60.000,60.000,60.000,60.000,60.000,60.000,60.000,60.000,60.000,60.000,60.000,60.000,60.000,60.000,60.000,,38251.327,38251.327,0.000,0.000,0.000,0.000,7.792,7.792,0.000,61.191,61.191,0.000,period-based
37,37,bpr,12,13,1.000000,3.000000,1.864512,3.000000,-1,0,,network_wide,-1,0,-1,1,1,,,0700_0800,64446.234,-1.000,0.000,0.000,0.000,0.000,,,,0.000,64446.234,20.250,0.000,0.000,0.000,2.488,2.488,25900.201,25900.201,0.000,0.000,0.000,1.000,1.000,64446.233,0.955,1.142,110.997,1.083,60.000,51.000,0.400,4.000,0.000,0.000,120160.781,104221933568.000,120160.781,104221933568.000,104221933568.000,104221933568.000,"LINESTRING (-96.780394 43.544005, -96.793634 43.490771)",33263.996,11365.131,19817.107,64446.233,64446.233,64446.233,2.488,107.410,64.446,2.488,107.410,64.446,60.000,60.000,60.000,60.000,0.000,0.000,0.000,0.000,60.000,60.000,60.000,60.000,60.000,60.000,60.000,60.000,60.000,60.000,60.000,60.000,60.000,60.000,60.000,60.000,60.000,60.000,60.000,60.000,60.000,60.000,60.000,60.000,60.000,60.000,60.000,60.000,60.000,60.000,60.000,60.000,60.000,60.000,60.000,60.000,60.000,60.000,60.000,60.000,60.000,60.000,60.000,60.000,60.000,60.000,60.000,60.000,,64446.234,64446.234,0.000,0.000,0.000,0.000,2.488,2.488,0.000,110.997,110.997,0.000,period-based
38,38,bpr,13,12,1.000000,3.000000,1.864512,3.000000,-1,0,,network_wide,-1,0,-1,1,1,,,0700_0800,65878.711,-1.000,0.000,0.000,0.000,0.000,,,,0.000,65878.711,21.836,0.000,0.000,0.000,2.544,2.544,25900.201,25900.201,0.000,0.000,0.000,1.000,1.000,65878.714,0.955,1.142,113.818,1.083,60.000,51.000,0.400,4.000,0.000,0.000,122831.656,116331405312.000,122831.656,116331405312.000,116331397120.000,116331397120.000,"LINESTRING (-96.793120 43.490643, -96.779880 43.543877)",33379.081,11946.614,20553.019,65878.714,65878.714,65878.714,2.544,109.798,65.879,2.544,109.798,65.879,60.000,60.000,60.000,60.000,0.000,0.000,0.000,0.000,60.000,60.000,60.000,60.000,60.000,60.000,60.000,60.000,60.000,60.000,60.000,60.000,60.000,60.000,60.000,60.000,60.000,60.000,60.000,60.000,60.000,60.000,60.000,60.000,60.000,60.000,60.000,60.000,60.000,60.000,60.000,60.000,60.000,60.000,60.000,60.000,60.000,60.000,60.000,60.000,60.000,60.000,60.000,60.000,60.000,60.000,60.000,60.000,,65878.715,65878.715,0.000,0.000,0.000,0.000,2.544,2.544,0.000,113.818,113.818,0.000,period-based
39,39,bpr,13,24,1.000000,4.000000,2.486016,4.000000,-1,0,,network_wide,-1,0,-1,1,1,,,0700_0800,46116.246,-1.000,0.000,0.000,0.000,0.000,,,,0.000,46116.246,4042.939,0.000,0.000,0.000,9.058,9.058,5091.256,5091.256,0.000,0.000,0.000,1.000,1.000,46116.247,0.955,1.142,75.752,1.083,60.000,51.000,0.400,4.000,0.000,0.000,114645.734,26072365056.000,114645.734,26072365056.000,26072363008.000,26072360960.000,"LINESTRING (-96.793305 43.490452, -96.749128 43.502909)",10716.189,14636.872,20763.187,46116.247,46116.247,46116.247,9.058,76.860,46.116,9.058,76.860,46.116,60.000,60.000,60.000,60.000,0.000,0.000,0.000,0.000,60.000,60.000,60.000,60.000,60.000,60.000,60.000,60.000,60.000,60.000,60.000,60.000,60.000,60.000,60.000,60.000,60.000,60.000,60.000,60.000,60.000,60.000,60.000,60.000,60.000,60.000,60.000,60.000,60.000,60.000,60.000,60.000,60.000,60.000,60.000,60.000,60.000,60.000,60.000,60.000,60.000,60.000,60.000,60.000,60.000,60.000,60.000,60.000,,46116.248,46116.248,0.000,0.000,0.000,0.000,9.058,9.058,0.000,75.752,75.752,0.000,period-based
40,40,bpr,14,11,1.000000,4.000000,2.486016,4.000000,-1,0,,network_wide,-1,0,-1,1,1,,,0700_0800,49942.957,-1.000,0.000,0.000,0.000,0.000,,,,0.000,49942.957,6605.040,0.000,0.000,0.000,10.242,10.242,4876.508,4876.508,0.000,0.000,0.000,1.000,1.000,49942.956,0.955,1.142,82.969,1.083,60.000,51.000,0.400,4.000,0.000,0.000,124159.000,38840221696.000,124159.000,38840221696.000,38840217600.000,38840217600.000,"LINESTRING (-96.750781 43.529234, -96.746586 43.544059)",2313.778,16940.492,30688.687,49942.956,49942.956,49942.956,10.242,83.238,49.943,10.242,83.238,49.943,60.000,60.000,60.000,60.000,0.000,0.000,0.000,0.000,60.000,60.000,60.000,60.000,60.000,60.000,60.000,60.000,60.000,60.000,60.000,60.000,60.000,60.000,60.000,60.000,60.000,60.000,60.000,60.000,60.000,60.000,60.000,60.000,60.000,60.000,60.000,60.000,60.000,60.000,60.000,60.000,60.000,60.000,60.000,60.000,60.000,60.000,60.000,60.000,60.000,60.000,60.000,60.000,60.000,60.000,60.000,60.000,,49942.958,49942.958,0.000,0.000,0.000,0.000,10.242,10.242,0.000,82.969,82.969,0.000,period-based
41,41,bpr,14,15,1.000000,5.000000,3.107520,5.000000,-1,0,,network_wide,-1,0,-1,1,1,,,0700_0800,55572.891,-1.000,0.000,0.000,0.000,0.000,,,,0.000,55572.891,10353.603,0.000,0.000,0.000,10.838,10.838,5127.526,5127.526,0.000,0.000,0.000,1.000,1.000,55572.893,0.955,1.142,93.728,1.083,60.000,51.000,0.400,4.000,0.000,0.000,172693.875,82820022272.000,172693.875,82820022272.000,82820014080.000,82820014080.000,"LINESTRING (-96.751034 43.529041, -96.731502 43.529136)",23024.873,13088.341,19459.678,55572.893,55572.893,55572.893,10.838,92.621,55.573,10.838,92.621,55.573,60.000,60.000,60.000,60.000,0.000,0.000,0.000,0.000,60.000,60.000,60.000,60.000,60.000,60.000,60.000,60.000,60.000,60.000,60.000,60.000,60.000,60.000,60.000,60.000,60.000,60.000,60.000,60.000,60.000,60.000,60.000,60.000,60.000,60.000,60.000,60.000,60.000,60.000,60.000,60.000,60.000,60.000,60.000,60.000,60.000,60.000,60.000,60.000,60.000,60.000,60.000,60.000,60.000,60.000,60.000,60.000,,55572.892,55572.892,0.000,0.000,0.000,0.000,10.838,10.838,0.000,93.728,93.728,0.000,period-based
42,42,bpr,14,23,1.000000,4.000000,2.486016,4.000000,-1,0,,network_wide,-1,0,-1,1,1,,,0700_0800,45126.965,-1.000,0.000,0.000,0.000,0.000,,,,0.000,45126.965,4234.042,0.000,0.000,0.000,9.163,9.163,4924.791,4924.791,0.000,0.000,0.000,1.000,1.000,45126.965,0.955,1.142,73.899,1.083,60.000,51.000,0.400,4.000,0.000,0.000,112186.367,23393292288.000,112186.367,23393292288.000,23393288192.000,23393288192.000,"LINESTRING (-96.751300 43.529304, -96.751169 43.514856)",5371.798,16060.875,23694.292,45126.965,45126.965,45126.965,9.163,75.212,45.127,9.163,75.212,45.127,60.000,60.000,60.000,60.000,0.000,0.000,0.000,0.000,60.000,60.000,60.000,60.000,60.000,60.000,60.000,60.000,60.000,60.000,60.000,60.000,60.000,60.000,60.000,60.000,60.000,60.000,60.000,60.000,60.000,60.000,60.000,60.000,60.000,60.000,60.000,60.000,60.000,60.000,60.000,60.000,60.000,60.000,60.000,60.000,60.000,60.000,60.000,60.000,60.000,60.000,60.000,60.000,60.000,60.000,60.000,60.000,,45126.964,45126.964,0.000,0.000,0.000,0.000,9.163,9.163,0.000,73.899,73.899,0.000,period-based
43,43,bpr,15,10,1.000000,6.000000,3.729024,6.000000,-1,0,,network_wide,-1,0,-1,1,1,,,0700_0800,95200.484,-1.000,0.000,0.000,0.000,0.000,,,,0.000,95200.484,2223.790,0.000,0.000,0.000,7.046,7.046,13512.002,13512.002,0.000,0.000,0.000,1.000,1.000,95200.482,0.955,1.142,173.278,1.083,60.000,51.000,0.400,4.000,0.000,0.000,355004.906,1466212941824.000,355004.906,1466212941824.000,1466212941824.000,1466212941824.000,"LINESTRING (-96.731239 43.529400, -96.731173 43.545270)",95200.482,0.000,0.000,95200.482,95200.482,95200.482,7.046,158.667,95.200,7.046,158.667,95.200,60.000,60.000,60.000,60.000,0.000,0.000,0.000,0.000,60.000,60.000,60.000,60.000,60.000,60.000,60.000,60.000,60.000,60.000,60.000,60.000,60.000,60.000,60.000,60.000,60.000,60.000,60.000,60.000,60.000,60.000,60.000,60.000,60.000,60.000,60.000,60.000,60.000,60.000,60.000,60.000,60.000,60.000,60.000,60.000,60.000,60.000,60.000,60.000,60.000,60.000,60.000,60.000,60.000,60.000,60.000,60.000,,95200.484,95200.484,0.000,0.000,0.000,0.000,7.046,7.046,0.000,173.278,173.278,0.000,period-based
44,44,bpr,15,14,1.000000,5.000000,3.107520,5.000000,-1,0,,network_wide,-1,0,-1,1,1,,,0700_0800,54148.207,-1.000,0.000,0.000,0.000,0.000,,,,0.000,54148.207,9332.518,0.000,0.000,0.000,10.560,10.560,5127.526,5127.526,0.000,0.000,0.000,1.000,1.000,54148.208,0.955,1.142,90.990,1.083,60.000,51.000,0.400,4.000,0.000,0.000,168266.641,72734556160.000,168266.641,72734556160.000,72734547968.000,72734547968.000,"LINESTRING (-96.731505 43.529666, -96.751037 43.529571)",23375.298,11834.380,18938.529,54148.208,54148.208,54148.208,10.560,90.247,54.148,10.560,90.247,54.148,60.000,60.000,60.000,60.000,0.000,0.000,0.000,0.000,60.000,60.000,60.000,60.000,60.000,60.000,60.000,60.000,60.000,60.000,60.000,60.000,60.000,60.000,60.000,60.000,60.000,60.000,60.000,60.000,60.000,60.000,60.000,60.000,60.000,60.000,60.000,60.000,60.000,60.000,60.000,60.000,60.000,60.000,60.000,60.000,60.000,60.000,60.000,60.000,60.000,60.000,60.000,60.000,60.000,60.000,60.000,60.000,,54148.208,54148.208,0.000,0.000,0.000,0.000,10.560,10.560,0.000,90.990,90.990,0.000,period-based
45,45,bpr,15,19,1.000000,3.000000,1.864512,3.000000,-1,0,,network_wide,-1,0,-1,1,1,,,0700_0800,58804.676,-1.000,0.000,0.000,0.000,0.000,,,,0.000,58804.676,122.577,0.000,0.000,0.000,4.037,4.037,14564.753,14564.753,0.000,0.000,0.000,1.000,1.000,58804.678,0.955,1.142,99.976,1.083,60.000,51.000,0.400,4.000,0.000,0.000,109642.031,65922076672.000,109642.031,65922076672.000,65922072576.000,65922072576.000,"LINESTRING (-96.731501 43.529136, -96.711314 43.529326)",28228.351,9762.799,20813.528,58804.678,58804.678,58804.678,4.037,98.008,58.805,4.037,98.008,58.805,60.000,60.000,60.000,60.000,0.000,0.000,0.000,0.000,60.000,60.000,60.000,60.000,60.000,60.000,60.000,60.000,60.000,60.000,60.000,60.000,60.000,60.000,60.000,60.000,60.000,60.000,60.000,60.000,60.000,60.000,60.000,60.000,60.000,60.000,60.000,60.000,60.000,60.000,60.000,60.000,60.000,60.000,60.000,60.000,60.000,60.000,60.000,60.000,60.000,60.000,60.000,60.000,60.000,60.000,60.000,60.000,,58804.678,58804.678,0.000,0.000,0.000,0.000,4.037,4.037,0.000,99.976,99.976,0.000,period-based
46,46,bpr,15,22,1.000000,3.000000,1.864512,3.000000,-1,0,,network_wide,-1,0,-1,1,1,,,0700_0800,83204.641,-1.000,0.000,0.000,0.000,0.000,,,,0.000,83204.641,2543.189,0.000,0.000,0.000,8.668,8.668,9599.181,9599.181,0.000,0.000,0.000,1.000,1.000,83204.637,0.955,1.142,148.583,1.083,60.000,51.000,0.400,4.000,0.000,0.000,155136.062,373860007936.000,155136.062,373860007936.000,373860007936.000,373860007936.000,"LINESTRING (-96.731768 43.529396, -96.731506 43.514853)",74319.830,3658.339,5226.468,83204.637,83204.637,83204.637,8.668,138.674,83.205,8.668,138.674,83.205,60.000,60.000,60.000,60.000,0.000,0.000,0.000,0.000,60.000,60.000,60.000,60.000,60.000,60.000,60.000,60.000,60.000,60.000,60.000,60.000,60.000,60.000,60.000,60.000,60.000,60.000,60.000,60.000,60.000,60.000,60.000,60.000,60.000,60.000,60.000,60.000,60.000,60.000,60.000,60.000,60.000,60.000,60.000,60.000,60.000,60.000,60.000,60.000,60.000,60.000,60.000,60.000,60.000,60.000,60.000,60.000,,83204.635,83204.635,0.000,0.000,0.000,0.000,8.668,8.668,0.000,148.583,148.583,0.000,period-based
47,47,bpr,16,8,1.000000,5.000000,3.107520,5.000000,-1,0,,network_wide,-1,0,-1,1,1,,,0700_0800,49806.004,-1.000,0.000,0.000,0.000,0.000,,,,0.000,49806.004,7124.674,0.000,0.000,0.000,9.871,9.871,5045.823,5045.823,0.000,0.000,0.000,1.000,1.000,49806.003,0.955,1.142,82.709,1.083,60.000,51.000,0.400,4.000,0.000,0.000,154773.156,47888248832.000,154773.156,47888248832.000,47888244736.000,47888244736.000,"LINESTRING (-96.711117 43.546744, -96.711117 43.562324)",301.654,18113.656,31390.692,49806.003,49806.003,49806.003,9.871,83.010,49.806,9.871,83.010,49.806,60.000,60.000,60.000,60.000,0.000,0.000,0.000,0.000,60.000,60.000,60.000,60.000,60.000,60.000,60.000,60.000,60.000,60.000,60.000,60.000,60.000,60.000,60.000,60.000,60.000,60.000,60.000,60.000,60.000,60.000,60.000,60.000,60.000,60.000,60.000,60.000,60.000,60.000,60.000,60.000,60.000,60.000,60.000,60.000,60.000,60.000,60.000,60.000,60.000,60.000,60.000,60.000,60.000,60.000,60.000,60.000,,49806.002,49806.002,0.000,0.000,0.000,0.000,9.871,9.871,0.000,82.709,82.709,0.000,period-based
48,48,bpr,16,10,1.000000,4.000000,2.486016,4.000000,-1,0,,network_wide,-1,0,-1,1,1,,,0700_0800,60614.215,-1.000,0.000,0.000,0.000,0.000,,,,0.000,60614.215,14582.798,0.000,0.000,0.000,12.485,12.485,4854.918,4854.918,0.000,0.000,0.000,1.000,1.000,60614.216,0.955,1.142,103.495,1.083,60.000,51.000,0.400,4.000,0.000,0.000,150687.922,102278103040.000,150687.922,102278103040.000,102278103040.000,102278103040.000,"LINESTRING (-96.711401 43.547008, -96.731457 43.545535)",20683.257,16088.784,23842.175,60614.216,60614.216,60614.216,12.485,101.024,60.614,12.485,101.024,60.614,60.000,60.000,60.000,60.000,0.000,0.000,0.000,0.000,60.000,60.000,60.000,60.000,60.000,60.000,60.000,60.000,60.000,60.000,60.000,60.000,60.000,60.000,60.000,60.000,60.000,60.000,60.000,60.000,60.000,60.000,60.000,60.000,60.000,60.000,60.000,60.000,60.000,60.000,60.000,60.000,60.000,60.000,60.000,60.000,60.000,60.000,60.000,60.000,60.000,60.000,60.000,60.000,60.000,60.000,60.000,60.000,,60614.216,60614.216,0.000,0.000,0.000,0.000,12.485,12.485,0.000,103.495,103.495,0.000,period-based
49,49,bpr,16,17,1.000000,2.000000,1.243008,2.000000,-1,0,,network_wide,-1,0,-1,1,1,,,0700_0800,65601.469,-1.000,0.000,0.000,0.000,0.000,,,,0.000,65601.469,7428.747,0.000,0.000,0.000,12.544,12.544,5229.910,5229.910,0.000,0.000,0.000,1.000,1.000,65601.469,0.955,1.142,113.272,1.083,60.000,51.000,0.400,4.000,0.000,0.000,81543.156,75936047104.000,81543.156,75936047104.000,75936047104.000,75936047104.000,"LINESTRING (-96.711647 43.546744, -96.711647 43.541280)",21949.708,16702.479,26949.282,65601.469,65601.469,65601.469,12.544,109.336,65.601,12.544,109.336,65.601,60.000,60.000,60.000,60.000,0.000,0.000,0.000,0.000,60.000,60.000,60.000,60.000,60.000,60.000,60.000,60.000,60.000,60.000,60.000,60.000,60.000,60.000,60.000,60.000,60.000,60.000,60.000,60.000,60.000,60.000,60.000,60.000,60.000,60.000,60.000,60.000,60.000,60.000,60.000,60.000,60.000,60.000,60.000,60.000,60.000,60.000,60.000,60.000,60.000,60.000,60.000,60.000,60.000,60.000,60.000,60.000,,65601.467,65601.467,0.000,0.000,0.000,0.000,12.544,12.544,0.000,113.272,113.272,0.000,period-based
50,50,bpr,16,18,1.000000,3.000000,1.864512,3.000000,-1,0,,network_wide,-1,0,-1,1,1,,,0700_0800,73811.281,-1.000,0.000,0.000,0.000,0.000,,,,0.000,73811.281,92.046,0.000,0.000,0.000,3.751,3.751,19679.897,19679.897,0.000,0.000,0.000,1.000,1.000,73811.282,0.955,1.142,129.593,1.083,60.000,51.000,0.400,4.000,0.000,0.000,137622.031,205392740352.000,137622.031,205392740352.000,205392740352.000,205392740352.000,"LINESTRING (-96.711382 43.546479, -96.694078 43.546479)",61899.893,3210.215,8701.174,73811.282,73811.282,73811.282,3.751,123.019,73.811,3.751,123.019,73.811,60.000,60.000,60.000,60.000,0.000,0.000,0.000,0.000,60.000,60.000,60.000,60.000,60.000,60.000,60.000,60.000,60.000,60.000,60.000,60.000,60.000,60.000,60.000,60.000,60.000,60.000,60.000,60.000,60.000,60.000,60.000,60.000,60.000,60.000,60.000,60.000,60.000,60.000,60.000,60.000,60.000,60.000,60.000,60.000,60.000,60.000,60.000,60.000,60.000,60.000,60.000,60.000,60.000,60.000,60.000,60.000,,73811.284,73811.284,0.000,0.000,0.000,0.000,3.751,3.751,0.000,129.593,129.593,0.000,period-based
51,51,bpr,17,10,1.000000,8.000000,4.972032,8.000000,-1,0,,network_wide,-1,0,-1,1,1,,,0700_0800,52217.340,-1.000,0.000,0.000,0.000,0.000,,,,0.000,52217.340,14356.824,0.000,0.000,0.000,10.457,10.457,4993.511,4993.511,0.000,0.000,0.000,1.000,1.000,52217.340,0.955,1.142,87.296,1.083,60.000,51.000,0.400,4.000,0.000,0.000,259626.297,97054154752.000,259626.297,97054154752.000,97054146560.000,97054146560.000,"LINESTRING (-96.711330 43.541540, -96.731386 43.545531)",24191.758,9776.432,18249.150,52217.340,52217.340,52217.340,10.457,87.029,52.217,10.457,87.029,52.217,60.000,60.000,60.000,60.000,0.000,0.000,0.000,0.000,60.000,60.000,60.000,60.000,60.000,60.000,60.000,60.000,60.000,60.000,60.000,60.000,60.000,60.000,60.000,60.000,60.000,60.000,60.000,60.000,60.000,60.000,60.000,60.000,60.000,60.000,60.000,60.000,60.000,60.000,60.000,60.000,60.000,60.000,60.000,60.000,60.000,60.000,60.000,60.000,60.000,60.000,60.000,60.000,60.000,60.000,60.000,60.000,,52217.340,52217.340,0.000,0.000,0.000,0.000,10.457,10.457,0.000,87.296,87.296,0.000,period-based
52,52,bpr,17,16,1.000000,2.000000,1.243008,2.000000,-1,0,,network_wide,-1,0,-1,1,1,,,0700_0800,61831.008,-1.000,0.000,0.000,0.000,0.000,,,,0.000,61831.008,5862.972,0.000,0.000,0.000,11.823,11.823,5229.910,5229.910,0.000,0.000,0.000,1.000,1.000,61831.007,0.955,1.142,105.870,1.083,60.000,51.000,0.400,4.000,0.000,0.000,76856.445,56482226176.000,76856.445,56482226176.000,56482226176.000,56482226176.000,"LINESTRING (-96.711117 43.541280, -96.711117 43.546744)",22151.669,14277.699,25401.639,61831.007,61831.007,61831.007,11.823,103.052,61.831,11.823,103.052,61.831,60.000,60.000,60.000,60.000,0.000,0.000,0.000,0.000,60.000,60.000,60.000,60.000,60.000,60.000,60.000,60.000,60.000,60.000,60.000,60.000,60.000,60.000,60.000,60.000,60.000,60.000,60.000,60.000,60.000,60.000,60.000,60.000,60.000,60.000,60.000,60.000,60.000,60.000,60.000,60.000,60.000,60.000,60.000,60.000,60.000,60.000,60.000,60.000,60.000,60.000,60.000,60.000,60.000,60.000,60.000,60.000,,61831.006,61831.006,0.000,0.000,0.000,0.000,11.823,11.823,0.000,105.870,105.870,0.000,period-based
53,53,bpr,17,19,1.000000,2.000000,1.243008,2.000000,-1,0,,network_wide,-1,0,-1,1,1,,,0700_0800,57802.848,-1.000,0.000,0.000,0.000,0.000,,,,0.000,57802.848,6186.529,0.000,0.000,0.000,11.982,11.982,4823.951,4823.951,0.000,0.000,0.000,1.000,1.000,57802.846,0.955,1.142,98.034,1.083,60.000,51.000,0.400,4.000,0.000,0.000,71849.406,40329830400.000,71849.406,40329830400.000,40329830400.000,40329830400.000,"LINESTRING (-96.711647 43.541279, -96.711581 43.529590)",969.873,17953.114,38879.860,57802.846,57802.846,57802.846,11.982,96.338,57.803,11.982,96.338,57.803,60.000,60.000,60.000,60.000,0.000,0.000,0.000,0.000,60.000,60.000,60.000,60.000,60.000,60.000,60.000,60.000,60.000,60.000,60.000,60.000,60.000,60.000,60.000,60.000,60.000,60.000,60.000,60.000,60.000,60.000,60.000,60.000,60.000,60.000,60.000,60.000,60.000,60.000,60.000,60.000,60.000,60.000,60.000,60.000,60.000,60.000,60.000,60.000,60.000,60.000,60.000,60.000,60.000,60.000,60.000,60.000,,57802.845,57802.845,0.000,0.000,0.000,0.000,11.982,11.982,0.000,98.034,98.034,0.000,period-based
54,54,bpr,18,7,1.000000,2.000000,1.243008,2.000000,-1,0,,network_wide,-1,0,-1,1,1,,,0700_0800,64180.230,-1.000,0.000,0.000,0.000,0.000,,,,0.000,64180.230,18.967,0.000,0.000,0.000,2.742,2.742,23403.473,23403.473,0.000,0.000,0.000,1.000,1.000,64180.231,0.955,1.142,110.475,1.083,60.000,51.000,0.400,4.000,0.000,0.000,79776.547,68059156480.000,79776.547,68059156480.000,68059156480.000,68059152384.000,"LINESTRING (-96.693814 43.546733, -96.693158 43.563833)",45538.794,4611.825,14029.612,64180.231,64180.231,64180.231,2.742,106.967,64.180,2.742,106.967,64.180,60.000,60.000,60.000,60.000,0.000,0.000,0.000,0.000,60.000,60.000,60.000,60.000,60.000,60.000,60.000,60.000,60.000,60.000,60.000,60.000,60.000,60.000,60.000,60.000,60.000,60.000,60.000,60.000,60.000,60.000,60.000,60.000,60.000,60.000,60.000,60.000,60.000,60.000,60.000,60.000,60.000,60.000,60.000,60.000,60.000,60.000,60.000,60.000,60.000,60.000,60.000,60.000,60.000,60.000,60.000,60.000,,64180.230,64180.230,0.000,0.000,0.000,0.000,2.742,2.742,0.000,110.475,110.475,0.000,period-based
55,55,bpr,18,16,1.000000,3.000000,1.864512,3.000000,-1,0,,network_wide,-1,0,-1,1,1,,,0700_0800,75891.258,-1.000,0.000,0.000,0.000,0.000,,,,0.000,75891.258,102.515,0.000,0.000,0.000,3.856,3.856,19679.897,19679.897,0.000,0.000,0.000,1.000,1.000,75891.260,0.955,1.142,133.770,1.083,60.000,51.000,0.400,4.000,0.000,0.000,141500.172,236009865216.000,141500.172,236009865216.000,236009865216.000,236009865216.000,"LINESTRING (-96.694078 43.547008, -96.711382 43.547008)",62295.872,4656.099,8939.289,75891.260,75891.260,75891.260,3.856,126.485,75.891,3.856,126.485,75.891,60.000,60.000,60.000,60.000,0.000,0.000,0.000,0.000,60.000,60.000,60.000,60.000,60.000,60.000,60.000,60.000,60.000,60.000,60.000,60.000,60.000,60.000,60.000,60.000,60.000,60.000,60.000,60.000,60.000,60.000,60.000,60.000,60.000,60.000,60.000,60.000,60.000,60.000,60.000,60.000,60.000,60.000,60.000,60.000,60.000,60.000,60.000,60.000,60.000,60.000,60.000,60.000,60.000,60.000,60.000,60.000,,75891.259,75891.259,0.000,0.000,0.000,0.000,3.856,3.856,0.000,133.770,133.770,0.000,period-based
56,56,bpr,18,20,1.000000,4.000000,2.486016,4.000000,-1,0,,network_wide,-1,0,-1,1,1,,,0700_0800,75055.891,-1.000,0.000,0.000,0.000,0.000,,,,0.000,75055.891,67.470,0.000,0.000,0.000,3.207,3.207,23403.473,23403.473,0.000,0.000,0.000,1.000,1.000,75055.889,0.955,1.142,132.090,1.083,60.000,51.000,0.400,4.000,0.000,0.000,186590.156,297737781248.000,186590.156,297737781248.000,297737781248.000,297737781248.000,"LINESTRING (-96.694311 43.546870, -96.711418 43.515460)",60580.949,2952.630,11522.311,75055.889,75055.889,75055.889,3.207,125.093,75.056,3.207,125.093,75.056,60.000,60.000,60.000,60.000,0.000,0.000,0.000,0.000,60.000,60.000,60.000,60.000,60.000,60.000,60.000,60.000,60.000,60.000,60.000,60.000,60.000,60.000,60.000,60.000,60.000,60.000,60.000,60.000,60.000,60.000,60.000,60.000,60.000,60.000,60.000,60.000,60.000,60.000,60.000,60.000,60.000,60.000,60.000,60.000,60.000,60.000,60.000,60.000,60.000,60.000,60.000,60.000,60.000,60.000,60.000,60.000,,75055.889,75055.889,0.000,0.000,0.000,0.000,3.207,3.207,0.000,132.090,132.090,0.000,period-based
57,57,bpr,19,15,1.000000,3.000000,1.864512,3.000000,-1,0,,network_wide,-1,0,-1,1,1,,,0700_0800,58041.480,-1.000,0.000,0.000,0.000,0.000,,,,0.000,58041.480,116.489,0.000,0.000,0.000,3.985,3.985,14564.753,14564.753,0.000,0.000,0.000,1.000,1.000,58041.479,0.955,1.142,98.496,1.083,60.000,51.000,0.400,4.000,0.000,0.000,108219.047,61753831424.000,108219.047,61753831424.000,61753827328.000,61753827328.000,"LINESTRING (-96.711319 43.529856, -96.731506 43.529666)",28255.059,9633.815,20152.605,58041.479,58041.479,58041.479,3.985,96.736,58.041,3.985,96.736,58.041,60.000,60.000,60.000,60.000,0.000,0.000,0.000,0.000,60.000,60.000,60.000,60.000,60.000,60.000,60.000,60.000,60.000,60.000,60.000,60.000,60.000,60.000,60.000,60.000,60.000,60.000,60.000,60.000,60.000,60.000,60.000,60.000,60.000,60.000,60.000,60.000,60.000,60.000,60.000,60.000,60.000,60.000,60.000,60.000,60.000,60.000,60.000,60.000,60.000,60.000,60.000,60.000,60.000,60.000,60.000,60.000,,58041.479,58041.479,0.000,0.000,0.000,0.000,3.985,3.985,0.000,98.496,98.496,0.000,period-based
58,58,bpr,19,17,1.000000,2.000000,1.243008,2.000000,-1,0,,network_wide,-1,0,-1,1,1,,,0700_0800,62094.348,-1.000,0.000,0.000,0.000,0.000,,,,0.000,62094.348,8238.032,0.000,0.000,0.000,12.872,12.872,4823.951,4823.951,0.000,0.000,0.000,1.000,1.000,62094.347,0.955,1.142,106.385,1.083,60.000,51.000,0.400,4.000,0.000,0.000,77183.773,57695313920.000,77183.773,57695313920.000,57695309824.000,57695309824.000,"LINESTRING (-96.711051 43.529593, -96.711117 43.541282)",1039.636,20596.331,40458.380,62094.347,62094.347,62094.347,12.872,103.491,62.094,12.872,103.491,62.094,60.000,60.000,60.000,60.000,0.000,0.000,0.000,0.000,60.000,60.000,60.000,60.000,60.000,60.000,60.000,60.000,60.000,60.000,60.000,60.000,60.000,60.000,60.000,60.000,60.000,60.000,60.000,60.000,60.000,60.000,60.000,60.000,60.000,60.000,60.000,60.000,60.000,60.000,60.000,60.000,60.000,60.000,60.000,60.000,60.000,60.000,60.000,60.000,60.000,60.000,60.000,60.000,60.000,60.000,60.000,60.000,,62094.345,62094.345,0.000,0.000,0.000,0.000,12.872,12.872,0.000,106.385,106.385,0.000,period-based
59,59,bpr,19,20,1.000000,4.000000,2.486016,4.000000,-1,0,,network_wide,-1,0,-1,1,1,,,0700_0800,46875.145,-1.000,0.000,0.000,0.000,0.000,,,,0.000,46875.145,4629.258,0.000,0.000,0.000,9.370,9.370,5002.608,5002.608,0.000,0.000,0.000,1.000,1.000,46875.145,0.955,1.142,77.176,1.083,60.000,51.000,0.400,4.000,0.000,0.000,116532.367,28289398784.000,116532.367,28289398784.000,28289394688.000,28289394688.000,"LINESTRING (-96.711581 43.529589, -96.711450 43.515331)",10188.329,12342.743,24344.073,46875.145,46875.145,46875.145,9.370,78.125,46.875,9.370,78.125,46.875,60.000,60.000,60.000,60.000,0.000,0.000,0.000,0.000,60.000,60.000,60.000,60.000,60.000,60.000,60.000,60.000,60.000,60.000,60.000,60.000,60.000,60.000,60.000,60.000,60.000,60.000,60.000,60.000,60.000,60.000,60.000,60.000,60.000,60.000,60.000,60.000,60.000,60.000,60.000,60.000,60.000,60.000,60.000,60.000,60.000,60.000,60.000,60.000,60.000,60.000,60.000,60.000,60.000,60.000,60.000,60.000,,46875.145,46875.145,0.000,0.000,0.000,0.000,9.370,9.370,0.000,77.176,77.176,0.000,period-based
60,60,bpr,20,18,1.000000,4.000000,2.486016,4.000000,-1,0,,network_wide,-1,0,-1,1,1,,,0700_0800,75553.711,-1.000,0.000,0.000,0.000,0.000,,,,0.000,75553.711,69.171,0.000,0.000,0.000,3.228,3.228,23403.473,23403.473,0.000,0.000,0.000,1.000,1.000,75553.715,0.955,1.142,133.091,1.083,60.000,51.000,0.400,4.000,0.000,0.000,187827.750,307743719424.000,187827.750,307743719424.000,307743719424.000,307743719424.000,"LINESTRING (-96.710953 43.515207, -96.693846 43.546617)",62008.363,2607.379,10937.973,75553.715,75553.715,75553.715,3.228,125.923,75.554,3.228,125.923,75.554,60.000,60.000,60.000,60.000,0.000,0.000,0.000,0.000,60.000,60.000,60.000,60.000,60.000,60.000,60.000,60.000,60.000,60.000,60.000,60.000,60.000,60.000,60.000,60.000,60.000,60.000,60.000,60.000,60.000,60.000,60.000,60.000,60.000,60.000,60.000,60.000,60.000,60.000,60.000,60.000,60.000,60.000,60.000,60.000,60.000,60.000,60.000,60.000,60.000,60.000,60.000,60.000,60.000,60.000,60.000,60.000,,75553.715,75553.715,0.000,0.000,0.000,0.000,3.228,3.228,0.000,133.091,133.091,0.000,period-based
61,61,bpr,20,19,1.000000,4.000000,2.486016,4.000000,-1,0,,network_wide,-1,0,-1,1,1,,,0700_0800,48955.664,-1.000,0.000,0.000,0.000,0.000,,,,0.000,48955.664,5506.718,0.000,0.000,0.000,9.786,9.786,5002.608,5002.608,0.000,0.000,0.000,1.000,1.000,48955.663,0.955,1.142,81.099,1.083,60.000,51.000,0.400,4.000,0.000,0.000,121704.570,35149991936.000,121704.570,35149991936.000,35149987840.000,35149987840.000,"LINESTRING (-96.710920 43.515336, -96.711051 43.529594)",10284.801,13810.636,24860.226,48955.663,48955.663,48955.663,9.786,81.593,48.956,9.786,81.593,48.956,60.000,60.000,60.000,60.000,0.000,0.000,0.000,0.000,60.000,60.000,60.000,60.000,60.000,60.000,60.000,60.000,60.000,60.000,60.000,60.000,60.000,60.000,60.000,60.000,60.000,60.000,60.000,60.000,60.000,60.000,60.000,60.000,60.000,60.000,60.000,60.000,60.000,60.000,60.000,60.000,60.000,60.000,60.000,60.000,60.000,60.000,60.000,60.000,60.000,60.000,60.000,60.000,60.000,60.000,60.000,60.000,,48955.663,48955.663,0.000,0.000,0.000,0.000,9.786,9.786,0.000,81.099,81.099,0.000,period-based
62,62,bpr,20,21,1.000000,6.000000,3.729024,6.000000,-1,0,,network_wide,-1,0,-1,1,1,,,0700_0800,43650.305,-1.000,0.000,0.000,0.000,0.000,,,,0.000,43650.305,4990.478,0.000,0.000,0.000,8.627,8.627,5059.912,5059.912,0.000,0.000,0.000,1.000,1.000,43650.305,0.955,1.142,71.145,1.083,60.000,51.000,0.400,4.000,0.000,0.000,162773.047,29712449536.000,162773.047,29712449536.000,29712445440.000,29712445440.000,"LINESTRING (-96.711248 43.515591, -96.731042 43.510742)",16283.199,9288.565,18078.541,43650.305,43650.305,43650.305,8.627,72.751,43.650,8.627,72.751,43.650,60.000,60.000,60.000,60.000,0.000,0.000,0.000,0.000,60.000,60.000,60.000,60.000,60.000,60.000,60.000,60.000,60.000,60.000,60.000,60.000,60.000,60.000,60.000,60.000,60.000,60.000,60.000,60.000,60.000,60.000,60.000,60.000,60.000,60.000,60.000,60.000,60.000,60.000,60.000,60.000,60.000,60.000,60.000,60.000,60.000,60.000,60.000,60.000,60.000,60.000,60.000,60.000,60.000,60.000,60.000,60.000,,43650.305,43650.305,0.000,0.000,0.000,0.000,8.627,8.627,0.000,71.145,71.145,0.000,period-based
63,63,bpr,20,22,1.000000,5.000000,3.107520,5.000000,-1,0,,network_wide,-1,0,-1,1,1,,,0700_0800,52812.023,-1.000,0.000,0.000,0.000,0.000,,,,0.000,52812.023,8795.421,0.000,0.000,0.000,10.405,10.405,5075.697,5075.697,0.000,0.000,0.000,1.000,1.000,52812.023,0.955,1.142,88.431,1.083,60.000,51.000,0.400,4.000,0.000,0.000,164114.422,64192520192.000,164114.422,64192520192.000,64192516096.000,64192516096.000,"LINESTRING (-96.711191 43.515598, -96.731248 43.515123)",37681.534,4814.752,10315.738,52812.023,52812.023,52812.023,10.405,88.020,52.812,10.405,88.020,52.812,60.000,60.000,60.000,60.000,0.000,0.000,0.000,0.000,60.000,60.000,60.000,60.000,60.000,60.000,60.000,60.000,60.000,60.000,60.000,60.000,60.000,60.000,60.000,60.000,60.000,60.000,60.000,60.000,60.000,60.000,60.000,60.000,60.000,60.000,60.000,60.000,60.000,60.000,60.000,60.000,60.000,60.000,60.000,60.000,60.000,60.000,60.000,60.000,60.000,60.000,60.000,60.000,60.000,60.000,60.000,60.000,,52812.024,52812.024,0.000,0.000,0.000,0.000,10.405,10.405,0.000,88.431,88.431,0.000,period-based
64,64,bpr,21,20,1.000000,6.000000,3.729024,6.000000,-1,0,,network_wide,-1,0,-1,1,1,,,0700_0800,42845.348,-1.000,0.000,0.000,0.000,0.000,,,,0.000,42845.348,4632.848,0.000,0.000,0.000,8.468,8.468,5059.912,5059.912,0.000,0.000,0.000,1.000,1.000,42845.347,0.955,1.142,69.650,1.083,60.000,51.000,0.400,4.000,0.000,0.000,159771.344,27072008192.000,159771.344,27072008192.000,27072002048.000,27072002048.000,"LINESTRING (-96.730916 43.510228, -96.711122 43.515076)",16699.470,9046.433,17099.444,42845.347,42845.347,42845.347,8.468,71.409,42.845,8.468,71.409,42.845,60.000,60.000,60.000,60.000,0.000,0.000,0.000,0.000,60.000,60.000,60.000,60.000,60.000,60.000,60.000,60.000,60.000,60.000,60.000,60.000,60.000,60.000,60.000,60.000,60.000,60.000,60.000,60.000,60.000,60.000,60.000,60.000,60.000,60.000,60.000,60.000,60.000,60.000,60.000,60.000,60.000,60.000,60.000,60.000,60.000,60.000,60.000,60.000,60.000,60.000,60.000,60.000,60.000,60.000,60.000,60.000,,42845.347,42845.347,0.000,0.000,0.000,0.000,8.468,8.468,0.000,69.650,69.650,0.000,period-based
65,65,bpr,21,22,1.000000,2.000000,1.243008,2.000000,-1,0,,network_wide,-1,0,-1,1,1,,,0700_0800,44339.734,-1.000,0.000,0.000,0.000,0.000,,,,0.000,44339.734,1551.947,0.000,0.000,0.000,8.478,8.478,5229.910,5229.910,0.000,0.000,0.000,1.000,1.000,44339.735,0.955,1.142,72.430,1.083,60.000,51.000,0.400,4.000,0.000,0.000,55114.648,10711399424.000,55114.648,10711399424.000,10711398400.000,10711397376.000,"LINESTRING (-96.730715 43.510501, -96.730977 43.514874)",21666.323,9764.078,12909.333,44339.735,44339.735,44339.735,8.478,73.900,44.340,8.478,73.900,44.340,60.000,60.000,60.000,60.000,0.000,0.000,0.000,0.000,60.000,60.000,60.000,60.000,60.000,60.000,60.000,60.000,60.000,60.000,60.000,60.000,60.000,60.000,60.000,60.000,60.000,60.000,60.000,60.000,60.000,60.000,60.000,60.000,60.000,60.000,60.000,60.000,60.000,60.000,60.000,60.000,60.000,60.000,60.000,60.000,60.000,60.000,60.000,60.000,60.000,60.000,60.000,60.000,60.000,60.000,60.000,60.000,,44339.735,44339.735,0.000,0.000,0.000,0.000,8.478,8.478,0.000,72.430,72.430,0.000,period-based
66,66,bpr,21,24,1.000000,3.000000,1.864512,3.000000,-1,0,,network_wide,-1,0,-1,1,1,,,0700_0800,43304.125,-1.000,0.000,0.000,0.000,0.000,,,,0.000,43304.125,2781.077,0.000,0.000,0.000,8.864,8.864,4885.358,4885.358,0.000,0.000,0.000,1.000,1.000,43304.127,0.955,1.142,70.502,1.083,60.000,51.000,0.400,4.000,0.000,0.000,80741.062,14276392960.000,80741.062,14276392960.000,14276390912.000,14276390912.000,"LINESTRING (-96.731078 43.510731, -96.749299 43.503410)",11085.102,12988.774,19230.251,43304.127,43304.127,43304.127,8.864,72.174,43.304,8.864,72.174,43.304,60.000,60.000,60.000,60.000,0.000,0.000,0.000,0.000,60.000,60.000,60.000,60.000,60.000,60.000,60.000,60.000,60.000,60.000,60.000,60.000,60.000,60.000,60.000,60.000,60.000,60.000,60.000,60.000,60.000,60.000,60.000,60.000,60.000,60.000,60.000,60.000,60.000,60.000,60.000,60.000,60.000,60.000,60.000,60.000,60.000,60.000,60.000,60.000,60.000,60.000,60.000,60.000,60.000,60.000,60.000,60.000,,43304.127,43304.127,0.000,0.000,0.000,0.000,8.864,8.864,0.000,70.502,70.502,0.000,period-based
67,67,bpr,22,15,1.000000,3.000000,1.864512,3.000000,-1,0,,network_wide,-1,0,-1,1,1,,,0700_0800,81941.070,-1.000,0.000,0.000,0.000,0.000,,,,0.000,81941.070,2392.365,0.000,0.000,0.000,8.536,8.536,9599.181,9599.181,0.000,0.000,0.000,1.000,1.000,81941.071,0.955,1.142,146.010,1.083,60.000,51.000,0.400,4.000,0.000,0.000,152780.125,346321551360.000,152780.125,346321551360.000,346321551360.000,346321551360.000,"LINESTRING (-96.730977 43.514863, -96.731239 43.529406)",72622.876,3977.976,5340.219,81941.071,81941.071,81941.071,8.536,136.568,81.941,8.536,136.568,81.941,60.000,60.000,60.000,60.000,0.000,0.000,0.000,0.000,60.000,60.000,60.000,60.000,60.000,60.000,60.000,60.000,60.000,60.000,60.000,60.000,60.000,60.000,60.000,60.000,60.000,60.000,60.000,60.000,60.000,60.000,60.000,60.000,60.000,60.000,60.000,60.000,60.000,60.000,60.000,60.000,60.000,60.000,60.000,60.000,60.000,60.000,60.000,60.000,60.000,60.000,60.000,60.000,60.000,60.000,60.000,60.000,,81941.070,81941.070,0.000,0.000,0.000,0.000,8.536,8.536,0.000,146.010,146.010,0.000,period-based
68,68,bpr,22,20,1.000000,5.000000,3.107520,5.000000,-1,0,,network_wide,-1,0,-1,1,1,,,0700_0800,54496.387,-1.000,0.000,0.000,0.000,0.000,,,,0.000,54496.387,9971.653,0.000,0.000,0.000,10.737,10.737,5075.697,5075.697,0.000,0.000,0.000,1.000,1.000,54496.388,0.955,1.142,91.658,1.083,60.000,51.000,0.400,4.000,0.000,0.000,169348.625,75103289344.000,169348.625,75103289344.000,75103281152.000,75103281152.000,"LINESTRING (-96.731235 43.514593, -96.711179 43.515069)",38589.148,5128.682,10778.558,54496.388,54496.388,54496.388,10.737,90.827,54.496,10.737,90.827,54.496,60.000,60.000,60.000,60.000,0.000,0.000,0.000,0.000,60.000,60.000,60.000,60.000,60.000,60.000,60.000,60.000,60.000,60.000,60.000,60.000,60.000,60.000,60.000,60.000,60.000,60.000,60.000,60.000,60.000,60.000,60.000,60.000,60.000,60.000,60.000,60.000,60.000,60.000,60.000,60.000,60.000,60.000,60.000,60.000,60.000,60.000,60.000,60.000,60.000,60.000,60.000,60.000,60.000,60.000,60.000,60.000,,54496.389,54496.389,0.000,0.000,0.000,0.000,10.737,10.737,0.000,91.658,91.658,0.000,period-based
69,69,bpr,22,21,1.000000,2.000000,1.243008,2.000000,-1,0,,network_wide,-1,0,-1,1,1,,,0700_0800,43762.910,-1.000,0.000,0.000,0.000,0.000,,,,0.000,43762.910,1472.852,0.000,0.000,0.000,8.368,8.368,5229.910,5229.910,0.000,0.000,0.000,1.000,1.000,43762.909,0.955,1.142,71.355,1.083,60.000,51.000,0.400,4.000,0.000,0.000,54397.652,10032559104.000,54397.652,10032559104.000,10032558080.000,10032558080.000,"LINESTRING (-96.731506 43.514842, -96.731244 43.510469)",22079.564,9268.071,12415.273,43762.909,43762.909,43762.909,8.368,72.938,43.763,8.368,72.938,43.763,60.000,60.000,60.000,60.000,0.000,0.000,0.000,0.000,60.000,60.000,60.000,60.000,60.000,60.000,60.000,60.000,60.000,60.000,60.000,60.000,60.000,60.000,60.000,60.000,60.000,60.000,60.000,60.000,60.000,60.000,60.000,60.000,60.000,60.000,60.000,60.000,60.000,60.000,60.000,60.000,60.000,60.000,60.000,60.000,60.000,60.000,60.000,60.000,60.000,60.000,60.000,60.000,60.000,60.000,60.000,60.000,,43762.909,43762.909,0.000,0.000,0.000,0.000,8.368,8.368,0.000,71.355,71.355,0.000,period-based
70,70,bpr,22,23,1.000000,4.000000,2.486016,4.000000,-1,0,,network_wide,-1,0,-1,1,1,,,0700_0800,42454.652,-1.000,0.000,0.000,0.000,0.000,,,,0.000,42454.652,3122.691,0.000,0.000,0.000,8.491,8.491,5000.000,5000.000,0.000,0.000,0.000,1.000,1.000,42454.652,0.955,1.142,68.925,1.083,60.000,51.000,0.400,4.000,0.000,0.000,105542.953,17240002560.000,105542.953,17240002560.000,17240000512.000,17240000512.000,"LINESTRING (-96.731241 43.515123, -96.750904 43.515123)",19422.311,9570.609,13461.732,42454.652,42454.652,42454.652,8.491,70.758,42.455,8.491,70.758,42.455,60.000,60.000,60.000,60.000,0.000,0.000,0.000,0.000,60.000,60.000,60.000,60.000,60.000,60.000,60.000,60.000,60.000,60.000,60.000,60.000,60.000,60.000,60.000,60.000,60.000,60.000,60.000,60.000,60.000,60.000,60.000,60.000,60.000,60.000,60.000,60.000,60.000,60.000,60.000,60.000,60.000,60.000,60.000,60.000,60.000,60.000,60.000,60.000,60.000,60.000,60.000,60.000,60.000,60.000,60.000,60.000,,42454.652,42454.652,0.000,0.000,0.000,0.000,8.491,8.491,0.000,68.925,68.925,0.000,period-based
71,71,bpr,23,14,1.000000,4.000000,2.486016,4.000000,-1,0,,network_wide,-1,0,-1,1,1,,,0700_0800,45974.188,-1.000,0.000,0.000,0.000,0.000,,,,0.000,45974.188,4560.762,0.000,0.000,0.000,9.335,9.335,4924.791,4924.791,0.000,0.000,0.000,1.000,1.000,45974.187,0.955,1.142,75.485,1.083,60.000,51.000,0.400,4.000,0.000,0.000,114292.570,25673254912.000,114292.570,25673254912.000,25673252864.000,25673250816.000,"LINESTRING (-96.750640 43.514861, -96.750771 43.529309)",5629.780,16227.260,24117.146,45974.187,45974.187,45974.187,9.335,76.624,45.974,9.335,76.624,45.974,60.000,60.000,60.000,60.000,0.000,0.000,0.000,0.000,60.000,60.000,60.000,60.000,60.000,60.000,60.000,60.000,60.000,60.000,60.000,60.000,60.000,60.000,60.000,60.000,60.000,60.000,60.000,60.000,60.000,60.000,60.000,60.000,60.000,60.000,60.000,60.000,60.000,60.000,60.000,60.000,60.000,60.000,60.000,60.000,60.000,60.000,60.000,60.000,60.000,60.000,60.000,60.000,60.000,60.000,60.000,60.000,,45974.187,45974.187,0.000,0.000,0.000,0.000,9.335,9.335,0.000,75.485,75.485,0.000,period-based
72,72,bpr,23,22,1.000000,4.000000,2.486016,4.000000,-1,0,,network_wide,-1,0,-1,1,1,,,0700_0800,42157.258,-1.000,0.000,0.000,0.000,0.000,,,,0.000,42157.258,3036.220,0.000,0.000,0.000,8.431,8.431,5000.000,5000.000,0.000,0.000,0.000,1.000,1.000,42157.259,0.955,1.142,68.374,1.083,60.000,51.000,0.400,4.000,0.000,0.000,104803.625,16644576256.000,104803.625,16644576256.000,16644573184.000,16644572160.000,"LINESTRING (-96.750904 43.514593, -96.731241 43.514593)",19046.213,9804.046,13307.000,42157.259,42157.259,42157.259,8.431,70.262,42.157,8.431,70.262,42.157,60.000,60.000,60.000,60.000,0.000,0.000,0.000,0.000,60.000,60.000,60.000,60.000,60.000,60.000,60.000,60.000,60.000,60.000,60.000,60.000,60.000,60.000,60.000,60.000,60.000,60.000,60.000,60.000,60.000,60.000,60.000,60.000,60.000,60.000,60.000,60.000,60.000,60.000,60.000,60.000,60.000,60.000,60.000,60.000,60.000,60.000,60.000,60.000,60.000,60.000,60.000,60.000,60.000,60.000,60.000,60.000,,42157.260,42157.260,0.000,0.000,0.000,0.000,8.431,8.431,0.000,68.374,68.374,0.000,period-based
73,73,bpr,23,24,1.000000,2.000000,1.243008,2.000000,-1,0,,network_wide,-1,0,-1,1,1,,,0700_0800,39958.773,-1.000,0.000,0.000,0.000,0.000,,,,0.000,39958.773,1151.807,0.000,0.000,0.000,7.868,7.868,5078.508,5078.508,0.000,0.000,0.000,1.000,1.000,39958.772,0.955,1.142,64.319,1.083,60.000,51.000,0.400,4.000,0.000,0.000,49669.078,6367102464.000,49669.078,6367102464.000,6367100928.000,6367100928.000,"LINESTRING (-96.751166 43.514820, -96.749462 43.503126)",13496.378,11472.184,14990.210,39958.772,39958.772,39958.772,7.868,66.598,39.959,7.868,66.598,39.959,60.000,60.000,60.000,60.000,0.000,0.000,0.000,0.000,60.000,60.000,60.000,60.000,60.000,60.000,60.000,60.000,60.000,60.000,60.000,60.000,60.000,60.000,60.000,60.000,60.000,60.000,60.000,60.000,60.000,60.000,60.000,60.000,60.000,60.000,60.000,60.000,60.000,60.000,60.000,60.000,60.000,60.000,60.000,60.000,60.000,60.000,60.000,60.000,60.000,60.000,60.000,60.000,60.000,60.000,60.000,60.000,,39958.771,39958.771,0.000,0.000,0.000,0.000,7.868,7.868,0.000,64.319,64.319,0.000,period-based
74,74,bpr,24,13,1.000000,4.000000,2.486016,4.000000,-1,0,,network_wide,-1,0,-1,1,1,,,0700_0800,45139.980,-1.000,0.000,0.000,0.000,0.000,,,,0.000,45139.980,3711.635,0.000,0.000,0.000,8.866,8.866,5091.256,5091.256,0.000,0.000,0.000,1.000,1.000,45139.980,0.955,1.142,73.924,1.083,60.000,51.000,0.400,4.000,0.000,0.000,112218.719,23427045376.000,112218.719,23427045376.000,23427043328.000,23427043328.000,"LINESTRING (-96.749272 43.503419, -96.793448 43.490962)",10631.274,13774.193,20734.513,45139.980,45139.980,45139.980,8.866,75.233,45.140,8.866,75.233,45.140,60.000,60.000,60.000,60.000,0.000,0.000,0.000,0.000,60.000,60.000,60.000,60.000,60.000,60.000,60.000,60.000,60.000,60.000,60.000,60.000,60.000,60.000,60.000,60.000,60.000,60.000,60.000,60.000,60.000,60.000,60.000,60.000,60.000,60.000,60.000,60.000,60.000,60.000,60.000,60.000,60.000,60.000,60.000,60.000,60.000,60.000,60.000,60.000,60.000,60.000,60.000,60.000,60.000,60.000,60.000,60.000,,45139.980,45139.980,0.000,0.000,0.000,0.000,8.866,8.866,0.000,73.924,73.924,0.000,period-based
75,75,bpr,24,21,1.000000,3.000000,1.864512,3.000000,-1,0,,network_wide,-1,0,-1,1,1,,,0700_0800,43290.773,-1.000,0.000,0.000,0.000,0.000,,,,0.000,43290.773,2777.652,0.000,0.000,0.000,8.861,8.861,4885.358,4885.358,0.000,0.000,0.000,1.000,1.000,43290.774,0.955,1.142,70.477,1.083,60.000,51.000,0.400,4.000,0.000,0.000,80716.172,14254397440.000,80716.172,14254397440.000,14254395392.000,14254395392.000,"LINESTRING (-96.749102 43.502919, -96.730880 43.510239)",11088.132,13261.689,18940.953,43290.774,43290.774,43290.774,8.861,72.151,43.291,8.861,72.151,43.291,60.000,60.000,60.000,60.000,0.000,0.000,0.000,0.000,60.000,60.000,60.000,60.000,60.000,60.000,60.000,60.000,60.000,60.000,60.000,60.000,60.000,60.000,60.000,60.000,60.000,60.000,60.000,60.000,60.000,60.000,60.000,60.000,60.000,60.000,60.000,60.000,60.000,60.000,60.000,60.000,60.000,60.000,60.000,60.000,60.000,60.000,60.000,60.000,60.000,60.000,60.000,60.000,60.000,60.000,60.000,60.000,,43290.774,43290.774,0.000,0.000,0.000,0.000,8.861,8.861,0.000,70.477,70.477,0.000,period-based
76,76,bpr,24,23,1.000000,2.000000,1.243008,2.000000,-1,0,,network_wide,-1,0,-1,1,1,,,0700_0800,40138.707,-1.000,0.000,0.000,0.000,0.000,,,,0.000,40138.707,1172.658,0.000,0.000,0.000,7.904,7.904,5078.508,5078.508,0.000,0.000,0.000,1.000,1.000,40138.706,0.955,1.142,64.650,1.083,60.000,51.000,0.400,4.000,0.000,0.000,49892.738,6511754240.000,49892.738,6511754240.000,6511752704.000,6511752704.000,"LINESTRING (-96.748938 43.503202, -96.750642 43.514896)",13378.262,11595.245,15165.199,40138.706,40138.706,40138.706,7.904,66.898,40.139,7.904,66.898,40.139,60.000,60.000,60.000,60.000,0.000,0.000,0.000,0.000,60.000,60.000,60.000,60.000,60.000,60.000,60.000,60.000,60.000,60.000,60.000,60.000,60.000,60.000,60.000,60.000,60.000,60.000,60.000,60.000,60.000,60.000,60.000,60.000,60.000,60.000,60.000,60.000,60.000,60.000,60.000,60.000,60.000,60.000,60.000,60.000,60.000,60.000,60.000,60.000,60.000,60.000,60.000,60.000,60.000,60.000,60.000,60.000,,40138.707,40138.707,0.000,0.000,0.000,0.000,7.904,7.904,0.000,64.650,64.650,0.000,period-based
