iteration,mode_type,zone_id,node_id,d_zone_id,connected_flag,pred,label_cost,pred_link_cost,x_coord,y_coord,geometry
0,auto,1,5577,-1,1,-1,0.000170,0.000170,-111.942300,40.624038,"LINESTRING (-111.942300 40.624038,-111.942300 40.624038)"
1,auto,1,5577,-1,1,-1,0.000170,0.000170,-111.942300,40.624038,"LINESTRING (-111.942300 40.624038,-111.942300 40.624038)"
0,auto,1,11123,-1,1,5017,2.149687,0.436729,-111.943739,40.609520,"LINESTRING (-111.943739 40.609520,-111.938751 40.609517)"
1,auto,1,11123,-1,1,5017,2.149687,0.436729,-111.943739,40.609520,"LINESTRING (-111.943739 40.609520,-111.938751 40.609517)"
0,auto,1,11159,-1,1,5112,4.200418,0.394063,-111.943604,40.587762,"LINESTRING (-111.943604 40.587762,-111.938730 40.587762)"
1,auto,1,11159,-1,1,5112,4.200418,0.394063,-111.943604,40.587762,"LINESTRING (-111.943604 40.587762,-111.938730 40.587762)"
0,auto,1,11180,-1,1,5211,5.986612,0.626300,-111.944442,40.573253,"LINESTRING (-111.944442 40.573253,-111.938687 40.573111)"
1,auto,1,11180,-1,1,5211,5.986612,0.626300,-111.944442,40.573253,"LINESTRING (-111.944442 40.573253,-111.938687 40.573111)"
0,auto,1,11282,-1,1,5208,6.965112,0.456745,-111.943762,40.562247,"LINESTRING (-111.943762 40.562247,-111.938693 40.562285)"
1,auto,1,11282,-1,1,5208,6.965112,0.456745,-111.943762,40.562247,"LINESTRING (-111.943762 40.562247,-111.938693 40.562285)"
0,auto,1,5238,-1,1,5208,7.519371,1.011003,-111.938753,40.552997,"LINESTRING (-111.938753 40.552997,-111.938693 40.562285)"
1,auto,1,5238,-1,1,5208,7.519371,1.011003,-111.938753,40.552997,"LINESTRING (-111.938753 40.552997,-111.938693 40.562285)"
0,auto,1,11281,-1,1,5214,8.257941,0.918257,-111.929153,40.555761,"LINESTRING (-111.929153 40.555761,-111.929207 40.562200)"
1,auto,1,11281,-1,1,5214,8.257941,0.918257,-111.929153,40.555761,"LINESTRING (-111.929153 40.555761,-111.929207 40.562200)"
0,auto,1,10847,-1,1,5216,9.398699,0.254642,-111.902749,40.557151,"LINESTRING (-111.902749 40.557151,-111.902774 40.558997)"
1,auto,1,10847,-1,1,5216,9.398699,0.254642,-111.902749,40.557151,"LINESTRING (-111.902749 40.557151,-111.902774 40.558997)"
0,auto,1,5356,-1,1,5216,9.571791,0.427733,-111.899113,40.558973,"LINESTRING (-111.899113 40.558973,-111.902774 40.558997)"
1,auto,1,5356,-1,1,5216,9.571791,0.427733,-111.899113,40.558973,"LINESTRING (-111.899113 40.558973,-111.902774 40.558997)"
0,auto,1,5929,-1,1,5729,9.305955,0.469149,-111.897106,40.569721,"LINESTRING (-111.897106 40.569721,-111.900825 40.569709)"
1,auto,1,5929,-1,1,5729,9.305955,0.469149,-111.897106,40.569721,"LINESTRING (-111.897106 40.569721,-111.900825 40.569709)"
0,auto,1,5119,-1,1,5727,7.538257,0.108682,-111.901030,40.587971,"LINESTRING (-111.901030 40.587971,-111.902133 40.588000)"
1,auto,1,5119,-1,1,5727,7.538257,0.108682,-111.901030,40.587971,"LINESTRING (-111.901030 40.587971,-111.902133 40.588000)"
0,auto,1,11151,-1,1,5109,5.189476,0.449259,-111.906610,40.605960,"LINESTRING (-111.906610 40.605960,-111.910315 40.605939)"
1,auto,1,11151,-1,1,5109,5.189476,0.449259,-111.906610,40.605960,"LINESTRING (-111.906610 40.605960,-111.910315 40.605939)"
0,auto,1,5034,-1,1,11129,4.767232,0.463612,-111.902804,40.610814,"LINESTRING (-111.902804 40.610814,-111.907639 40.610911)"
1,auto,1,5034,-1,1,11129,4.767232,0.463612,-111.902804,40.610814,"LINESTRING (-111.902804 40.610814,-111.907639 40.610911)"
0,auto,1,5037,-1,1,11128,3.998284,0.686759,-111.901884,40.620828,"LINESTRING (-111.901884 40.620828,-111.907655 40.620856)"
1,auto,1,5037,-1,1,11128,3.998284,0.686759,-111.901884,40.620828,"LINESTRING (-111.901884 40.620828,-111.907655 40.620856)"
0,auto,1,4899,-1,1,5030,3.553678,0.520277,-111.910059,40.625783,"LINESTRING (-111.910059 40.625783,-111.909957 40.621262)"
1,auto,1,4899,-1,1,5030,3.553678,0.520277,-111.910059,40.625783,"LINESTRING (-111.910059 40.625783,-111.909957 40.621262)"
0,auto,1,11827,-1,1,5440,1.546219,0.355673,-111.929192,40.626782,"LINESTRING (-111.929192 40.626782,-111.929192 40.623484)"
1,auto,1,11827,-1,1,5440,1.546219,0.355673,-111.929192,40.626782,"LINESTRING (-111.929192 40.626782,-111.929192 40.623484)"
0,auto,1,1289,-1,1,5018,1.766898,0.748392,-111.933868,40.616707,"LINESTRING (-111.933868 40.616707,-111.938855 40.616737)"
1,auto,1,1289,-1,1,5018,1.766898,0.748392,-111.933868,40.616707,"LINESTRING (-111.933868 40.616707,-111.938855 40.616737)"
0,auto,1,1286,-1,1,11125,2.060151,1.330602,-111.934202,40.630776,"LINESTRING (-111.934202 40.630776,-111.933970 40.624024)"
1,auto,1,1286,-1,1,11125,2.060151,1.330602,-111.934202,40.630776,"LINESTRING (-111.934202 40.630776,-111.933970 40.624024)"
0,auto,1,1352,-1,1,5209,6.611929,0.718410,-111.933963,40.567876,"LINESTRING (-111.933963 40.567876,-111.938738 40.568083)"
1,auto,1,1352,-1,1,5209,6.611929,0.718410,-111.933963,40.567876,"LINESTRING (-111.933963 40.567876,-111.938738 40.568083)"
0,auto,1,1356,-1,1,6256,7.833130,0.773805,-111.924114,40.567177,"LINESTRING (-111.924114 40.567177,-111.929139 40.568044)"
1,auto,1,1356,-1,1,6256,7.833130,0.773805,-111.924114,40.567177,"LINESTRING (-111.924114 40.567177,-111.929139 40.568044)"
0,auto,1,1357,-1,1,5588,9.172002,1.414835,-111.914302,40.565109,"LINESTRING (-111.914302 40.565109,-111.917018 40.571988)"
1,auto,1,1357,-1,1,5588,9.172002,1.414835,-111.914302,40.565109,"LINESTRING (-111.914302 40.565109,-111.917018 40.571988)"
0,auto,1,6253,-1,1,5868,9.839605,0.781822,-111.913648,40.554715,"LINESTRING (-111.913648 40.554715,-111.910187 40.558860)"
1,auto,1,6253,-1,1,5868,9.839605,0.781822,-111.913648,40.554715,"LINESTRING (-111.913648 40.554715,-111.910187 40.558860)"
0,auto,1,3689,-1,1,11507,8.806827,0.225460,-111.900748,40.562521,"LINESTRING (-111.900748 40.562521,-111.902527 40.562393)"
1,auto,1,3689,-1,1,11507,8.806827,0.225460,-111.900748,40.562521,"LINESTRING (-111.900748 40.562521,-111.902527 40.562393)"
0,auto,1,1361,-1,1,5728,9.653095,0.511183,-111.902492,40.575680,"LINESTRING (-111.902492 40.575680,-111.900794 40.573575)"
1,auto,1,1361,-1,1,5728,9.653095,0.511183,-111.902492,40.575680,"LINESTRING (-111.902492 40.575680,-111.900794 40.573575)"
0,auto,1,1325,-1,1,10853,7.712743,0.474605,-111.907451,40.592344,"LINESTRING (-111.907451 40.592344,-111.904442 40.592385)"
1,auto,1,1325,-1,1,10853,7.712743,0.474605,-111.907451,40.592344,"LINESTRING (-111.907451 40.592344,-111.904442 40.592385)"
0,auto,1,1354,-1,1,11173,5.985175,0.919528,-111.923428,40.584054,"LINESTRING (-111.923428 40.584054,-111.929246 40.584369)"
1,auto,1,1354,-1,1,11173,5.985175,0.919528,-111.923428,40.584054,"LINESTRING (-111.923428 40.584054,-111.929246 40.584369)"
0,auto,1,1355,-1,1,5219,6.818675,0.665015,-111.924746,40.576632,"LINESTRING (-111.924746 40.576632,-111.929172 40.576740)"
1,auto,1,1355,-1,1,5219,6.818675,0.665015,-111.924746,40.576632,"LINESTRING (-111.924746 40.576632,-111.929172 40.576740)"
0,auto,1,1323,-1,1,11161,4.963734,0.345871,-111.921418,40.591609,"LINESTRING (-111.921418 40.591609,-111.929272 40.591047)"
1,auto,1,1323,-1,1,11161,4.963734,0.345871,-111.921418,40.591609,"LINESTRING (-111.921418 40.591609,-111.929272 40.591047)"
0,auto,1,1346,-1,1,11172,4.906177,0.718982,-111.943605,40.584092,"LINESTRING (-111.943605 40.584092,-111.938819 40.584171)"
1,auto,1,1346,-1,1,11172,4.906177,0.718982,-111.943605,40.584092,"LINESTRING (-111.943605 40.584092,-111.938819 40.584171)"
0,auto,1,1348,-1,1,5210,5.672931,0.720981,-111.943542,40.576985,"LINESTRING (-111.943542 40.576985,-111.938741 40.576961)"
1,auto,1,1348,-1,1,5210,5.672931,0.720981,-111.943542,40.576985,"LINESTRING (-111.943542 40.576985,-111.938741 40.576961)"
0,auto,1,1359,-1,1,3001,7.599384,0.345871,-111.911824,40.577722,"LINESTRING (-111.911824 40.577722,-111.909573 40.580790)"
1,auto,1,1359,-1,1,3001,7.599384,0.345871,-111.911824,40.577722,"LINESTRING (-111.911824 40.577722,-111.909573 40.580790)"
0,auto,1,3002,-1,1,1358,7.184340,0.345871,-111.911260,40.581966,"LINESTRING (-111.911260 40.581966,-111.911502 40.583522)"
1,auto,1,3002,-1,1,1358,7.184340,0.345871,-111.911260,40.581966,"LINESTRING (-111.911260 40.581966,-111.911502 40.583522)"
0,auto,1,1360,-1,1,10850,8.201833,0.494993,-111.901834,40.584029,"LINESTRING (-111.901834 40.584029,-111.904175 40.585624)"
1,auto,1,1360,-1,1,10850,8.201833,0.494993,-111.901834,40.584029,"LINESTRING (-111.901834 40.584029,-111.904175 40.585624)"
0,auto,1,1314,-1,1,11146,2.848671,0.787511,-111.944074,40.606326,"LINESTRING (-111.944074 40.606326,-111.938858 40.605898)"
1,auto,1,1314,-1,1,11146,2.848671,0.787511,-111.944074,40.606326,"LINESTRING (-111.944074 40.606326,-111.938858 40.605898)"
0,auto,1,1316,-1,1,11148,3.465988,0.744680,-111.943565,40.598006,"LINESTRING (-111.943565 40.598006,-111.938793 40.599039)"
1,auto,1,1316,-1,1,11148,3.465988,0.744680,-111.943565,40.598006,"LINESTRING (-111.943565 40.598006,-111.938793 40.599039)"
0,auto,1,1318,-1,1,11160,4.190329,0.680720,-111.943411,40.590891,"LINESTRING (-111.943411 40.590891,-111.938878 40.590844)"
1,auto,1,1318,-1,1,11160,4.190329,0.680720,-111.943411,40.590891,"LINESTRING (-111.943411 40.590891,-111.938878 40.590844)"
0,auto,1,8002,-1,1,5113,3.762750,0.558115,-111.943373,40.593977,"LINESTRING (-111.943373 40.593977,-111.938770 40.594013)"
1,auto,1,8002,-1,1,5113,3.762750,0.558115,-111.943373,40.593977,"LINESTRING (-111.943373 40.593977,-111.938770 40.594013)"
0,auto,1,8116,-1,1,5736,3.151286,0.747920,-111.944862,40.602292,"LINESTRING (-111.944862 40.602292,-111.938695 40.602343)"
1,auto,1,8116,-1,1,5736,3.151286,0.747920,-111.944862,40.602292,"LINESTRING (-111.944862 40.602292,-111.938695 40.602343)"
0,auto,1,1285,-1,1,5018,1.699226,0.680720,-111.943375,40.616454,"LINESTRING (-111.943375 40.616454,-111.938855 40.616737)"
1,auto,1,1285,-1,1,5018,1.699226,0.680720,-111.943375,40.616454,"LINESTRING (-111.943375 40.616454,-111.938855 40.616737)"
0,auto,1,1351,-1,1,5209,6.614214,0.720695,-111.943535,40.568001,"LINESTRING (-111.943535 40.568001,-111.938738 40.568083)"
1,auto,1,1351,-1,1,5209,6.614214,0.720695,-111.943535,40.568001,"LINESTRING (-111.943535 40.568001,-111.938738 40.568083)"
0,auto,1,1319,-1,1,11146,2.407031,0.345871,-111.934408,40.607297,"LINESTRING (-111.934408 40.607297,-111.938858 40.605898)"
1,auto,1,1319,-1,1,11146,2.407031,0.345871,-111.934408,40.607297,"LINESTRING (-111.934408 40.607297,-111.938858 40.605898)"
0,auto,1,1320,-1,1,11148,3.442859,0.721551,-111.934152,40.599993,"LINESTRING (-111.934152 40.599993,-111.938793 40.599039)"
1,auto,1,1320,-1,1,11148,3.442859,0.721551,-111.934152,40.599993,"LINESTRING (-111.934152 40.599993,-111.938793 40.599039)"
0,auto,1,1322,-1,1,11160,3.855479,0.345871,-111.934349,40.591006,"LINESTRING (-111.934349 40.591006,-111.938878 40.590844)"
1,auto,1,1322,-1,1,11160,3.855479,0.345871,-111.934349,40.591006,"LINESTRING (-111.934349 40.591006,-111.938878 40.590844)"
0,auto,1,1290,-1,1,4952,2.643482,0.718411,-111.924502,40.617134,"LINESTRING (-111.924502 40.617134,-111.929251 40.616674)"
1,auto,1,1290,-1,1,4952,2.643482,0.718411,-111.924502,40.617134,"LINESTRING (-111.924502 40.617134,-111.929251 40.616674)"
0,auto,1,1299,-1,1,4958,3.864368,0.567647,-111.908054,40.616174,"LINESTRING (-111.908054 40.616174,-111.910232 40.618529)"
1,auto,1,1299,-1,1,4958,3.864368,0.567647,-111.908054,40.616174,"LINESTRING (-111.908054 40.616174,-111.910232 40.618529)"
0,auto,1,1349,-1,1,5210,5.611255,0.659305,-111.934352,40.576870,"LINESTRING (-111.934352 40.576870,-111.938741 40.576961)"
1,auto,1,1349,-1,1,5210,5.611255,0.659305,-111.934352,40.576870,"LINESTRING (-111.934352 40.576870,-111.938741 40.576961)"
0,auto,1,1353,-1,1,11172,4.871056,0.683861,-111.934266,40.584068,"LINESTRING (-111.934266 40.584068,-111.938819 40.584171)"
1,auto,1,1353,-1,1,11172,4.871056,0.683861,-111.934266,40.584068,"LINESTRING (-111.934266 40.584068,-111.938819 40.584171)"
0,auto,1,1397,-1,1,11261,8.611179,1.745201,-111.936589,40.553565,"LINESTRING (-111.936589 40.553565,-111.934612 40.562298)"
1,auto,1,1397,-1,1,11261,8.611179,1.745201,-111.936589,40.553565,"LINESTRING (-111.936589 40.553565,-111.934612 40.562298)"
0,auto,1,1404,-1,1,11257,9.319206,0.416441,-111.908153,40.571760,"LINESTRING (-111.908153 40.571760,-111.908371 40.569754)"
1,auto,1,1404,-1,1,11257,9.319206,0.416441,-111.908153,40.571760,"LINESTRING (-111.908153 40.571760,-111.908371 40.569754)"
0,auto,1,1296,-1,1,5240,4.343882,0.587064,-111.915638,40.613722,"LINESTRING (-111.915638 40.613722,-111.911929 40.614669)"
1,auto,1,1296,-1,1,5240,4.343882,0.587064,-111.915638,40.613722,"LINESTRING (-111.915638 40.613722,-111.911929 40.614669)"
0,auto,1,5578,-1,1,5436,0.984302,0.672659,-111.938760,40.630427,"LINESTRING (-111.938760 40.630427,-111.938742 40.624085)"
1,auto,1,5578,-1,1,5436,0.984302,0.672659,-111.938760,40.630427,"LINESTRING (-111.938760 40.630427,-111.938742 40.624085)"
0,auto,1,1,-1,1,5592,5.496058,0.226978,-111.920177,40.587738,"LINESTRING (-111.920177 40.587738,-111.922175 40.587742)"
1,auto,1,1,-1,1,5592,5.496058,0.226978,-111.920177,40.587738,"LINESTRING (-111.920177 40.587738,-111.922175 40.587742)"
0,auto,1,2,-1,1,1,5.723035,0.226977,-111.918417,40.587734,"LINESTRING (-111.918417 40.587734,-111.920177 40.587738)"
1,auto,1,2,-1,1,1,5.723035,0.226977,-111.918417,40.587734,"LINESTRING (-111.918417 40.587734,-111.920177 40.587738)"
0,auto,1,3,-1,1,2,5.950013,0.226978,-111.916477,40.587730,"LINESTRING (-111.916477 40.587730,-111.918417 40.587734)"
1,auto,1,3,-1,1,2,5.950013,0.226978,-111.916477,40.587730,"LINESTRING (-111.916477 40.587730,-111.918417 40.587734)"
0,auto,1,4,-1,1,3,6.176991,0.226978,-111.914379,40.587726,"LINESTRING (-111.914379 40.587726,-111.916477 40.587730)"
1,auto,1,4,-1,1,3,6.176991,0.226978,-111.914379,40.587726,"LINESTRING (-111.914379 40.587726,-111.916477 40.587730)"
0,auto,1,5,-1,1,4,6.403968,0.226977,-111.912416,40.587722,"LINESTRING (-111.912416 40.587722,-111.914379 40.587726)"
1,auto,1,5,-1,1,4,6.403968,0.226977,-111.912416,40.587722,"LINESTRING (-111.912416 40.587722,-111.914379 40.587726)"
0,auto,1,1358,-1,1,5117,6.838469,0.207522,-111.911502,40.583522,"LINESTRING (-111.911502 40.583522,-111.910225 40.587717)"
1,auto,1,1358,-1,1,5117,6.838469,0.207522,-111.911502,40.583522,"LINESTRING (-111.911502 40.583522,-111.910225 40.587717)"
0,auto,1,3000,-1,1,1358,7.045991,0.207522,-111.916207,40.581200,"LINESTRING (-111.916207 40.581200,-111.911502 40.583522)"
1,auto,1,3000,-1,1,1358,7.045991,0.207522,-111.916207,40.581200,"LINESTRING (-111.916207 40.581200,-111.911502 40.583522)"
0,auto,1,3001,-1,1,3000,7.253513,0.207522,-111.909573,40.580790,"LINESTRING (-111.909573 40.580790,-111.916207 40.581200)"
1,auto,1,3001,-1,1,3000,7.253513,0.207522,-111.909573,40.580790,"LINESTRING (-111.909573 40.580790,-111.916207 40.581200)"
0,auto,1,4156,-1,1,10850,8.131576,0.424736,-111.900942,40.585620,"LINESTRING (-111.900942 40.585620,-111.904175 40.585624)"
1,auto,1,4156,-1,1,10850,8.131576,0.424736,-111.900942,40.585620,"LINESTRING (-111.900942 40.585620,-111.904175 40.585624)"
0,auto,1,4804,-1,1,5109,5.254862,0.514646,-111.910307,40.602331,"LINESTRING (-111.910307 40.602331,-111.910315 40.605939)"
1,auto,1,4804,-1,1,5109,5.254862,0.514646,-111.910307,40.602331,"LINESTRING (-111.910307 40.602331,-111.910315 40.605939)"
0,auto,1,4952,-1,1,5440,1.925071,0.734525,-111.929251,40.616674,"LINESTRING (-111.929251 40.616674,-111.929192 40.623484)"
1,auto,1,4952,-1,1,5440,1.925071,0.734525,-111.929251,40.616674,"LINESTRING (-111.929251 40.616674,-111.929192 40.623484)"
0,auto,1,4958,-1,1,5030,3.296721,0.263320,-111.910232,40.618529,"LINESTRING (-111.910232 40.618529,-111.909957 40.621262)"
1,auto,1,4958,-1,1,5030,3.296721,0.263320,-111.910232,40.618529,"LINESTRING (-111.910232 40.618529,-111.909957 40.621262)"
0,auto,1,5009,-1,1,5863,3.983380,0.317136,-111.913172,40.610470,"LINESTRING (-111.913172 40.610470,-111.916784 40.610265)"
1,auto,1,5009,-1,1,5863,3.983380,0.317136,-111.913172,40.610470,"LINESTRING (-111.913172 40.610470,-111.916784 40.610265)"
0,auto,1,5010,-1,1,4958,3.532441,0.235720,-111.910059,40.616076,"LINESTRING (-111.910059 40.616076,-111.910232 40.618529)"
1,auto,1,5010,-1,1,4958,3.532441,0.235720,-111.910059,40.616076,"LINESTRING (-111.910059 40.616076,-111.910232 40.618529)"
0,auto,1,5017,-1,1,5018,1.712958,0.694452,-111.938751,40.609517,"LINESTRING (-111.938751 40.609517,-111.938855 40.616737)"
1,auto,1,5017,-1,1,5018,1.712958,0.694452,-111.938751,40.609517,"LINESTRING (-111.938751 40.609517,-111.938855 40.616737)"
0,auto,1,5018,-1,1,5436,1.018506,0.706863,-111.938855,40.616737,"LINESTRING (-111.938855 40.616737,-111.938742 40.624085)"
1,auto,1,5018,-1,1,5436,1.018506,0.706863,-111.938855,40.616737,"LINESTRING (-111.938855 40.616737,-111.938742 40.624085)"
0,auto,1,5022,-1,1,11124,2.552769,0.232855,-111.929163,40.609415,"LINESTRING (-111.929163 40.609415,-111.931819 40.609526)"
1,auto,1,5022,-1,1,11124,2.552769,0.232855,-111.929163,40.609415,"LINESTRING (-111.929163 40.609415,-111.931819 40.609526)"
0,auto,1,5027,-1,1,5010,4.067600,0.535159,-111.910314,40.610655,"LINESTRING (-111.910314 40.610655,-111.910059 40.616076)"
1,auto,1,5027,-1,1,5010,4.067600,0.535159,-111.910314,40.610655,"LINESTRING (-111.910314 40.610655,-111.910059 40.616076)"
0,auto,1,5030,-1,1,10872,3.033401,0.302462,-111.909957,40.621262,"LINESTRING (-111.909957 40.621262,-111.913107 40.621094)"
1,auto,1,5030,-1,1,10872,3.033401,0.302462,-111.909957,40.621262,"LINESTRING (-111.909957 40.621262,-111.913107 40.621094)"
0,auto,1,5103,-1,1,5820,4.394569,1.076706,-111.929223,40.594991,"LINESTRING (-111.929223 40.594991,-111.929267 40.603321)"
1,auto,1,5103,-1,1,5820,4.394569,1.076706,-111.929223,40.594991,"LINESTRING (-111.929223 40.594991,-111.929267 40.603321)"
0,auto,1,5106,-1,1,4804,5.793286,0.538424,-111.910268,40.598557,"LINESTRING (-111.910268 40.598557,-111.910307 40.602331)"
1,auto,1,5106,-1,1,4804,5.793286,0.538424,-111.910268,40.598557,"LINESTRING (-111.910268 40.598557,-111.910307 40.602331)"
0,auto,1,5109,-1,1,11150,4.740216,0.180922,-111.910315,40.605939,"LINESTRING (-111.910315 40.605939,-111.910332 40.607207)"
1,auto,1,5109,-1,1,11150,4.740216,0.180922,-111.910315,40.605939,"LINESTRING (-111.910315 40.605939,-111.910332 40.607207)"
0,auto,1,5112,-1,1,11160,3.806355,0.296746,-111.938730,40.587762,"LINESTRING (-111.938730 40.587762,-111.938878 40.590844)"
1,auto,1,5112,-1,1,11160,3.806355,0.296746,-111.938730,40.587762,"LINESTRING (-111.938730 40.587762,-111.938878 40.590844)"
0,auto,1,5113,-1,1,11148,3.204635,0.483327,-111.938770,40.594013,"LINESTRING (-111.938770 40.594013,-111.938793 40.599039)"
1,auto,1,5113,-1,1,11148,3.204635,0.483327,-111.938770,40.594013,"LINESTRING (-111.938770 40.594013,-111.938793 40.599039)"
0,auto,1,5114,-1,1,5589,4.577260,0.393601,-111.929195,40.587794,"LINESTRING (-111.929195 40.587794,-111.934063 40.587781)"
1,auto,1,5114,-1,1,5589,4.577260,0.393601,-111.929195,40.587794,"LINESTRING (-111.929195 40.587794,-111.934063 40.587781)"
0,auto,1,5117,-1,1,5,6.630946,0.226978,-111.910225,40.587717,"LINESTRING (-111.910225 40.587717,-111.912416 40.587722)"
1,auto,1,5117,-1,1,5,6.630946,0.226978,-111.910225,40.587717,"LINESTRING (-111.910225 40.587717,-111.912416 40.587722)"
0,auto,1,5118,-1,1,11255,7.219893,0.358277,-111.904260,40.588014,"LINESTRING (-111.904260 40.588014,-111.907886 40.587813)"
1,auto,1,5118,-1,1,11255,7.219893,0.358277,-111.904260,40.588014,"LINESTRING (-111.904260 40.588014,-111.907886 40.587813)"
0,auto,1,5174,-1,1,5587,8.734151,0.493194,-111.913869,40.559071,"LINESTRING (-111.913869 40.559071,-111.919260 40.560309)"
1,auto,1,5174,-1,1,5587,8.734151,0.493194,-111.913869,40.559071,"LINESTRING (-111.913869 40.559071,-111.919260 40.560309)"
0,auto,1,5175,-1,1,6185,8.373844,0.207522,-111.904348,40.569696,"LINESTRING (-111.904348 40.569696,-111.905514 40.575754)"
1,auto,1,5175,-1,1,6185,8.373844,0.207522,-111.904348,40.569696,"LINESTRING (-111.904348 40.569696,-111.905514 40.575754)"
0,auto,1,5208,-1,1,5209,6.508368,0.614849,-111.938693,40.562285,"LINESTRING (-111.938693 40.562285,-111.938738 40.568083)"
1,auto,1,5208,-1,1,5209,6.508368,0.614849,-111.938693,40.562285,"LINESTRING (-111.938693 40.562285,-111.938738 40.568083)"
0,auto,1,5209,-1,1,5211,5.893519,0.533207,-111.938738,40.568083,"LINESTRING (-111.938738 40.568083,-111.938687 40.573111)"
1,auto,1,5209,-1,1,5211,5.893519,0.533207,-111.938738,40.568083,"LINESTRING (-111.938738 40.568083,-111.938687 40.573111)"
0,auto,1,5210,-1,1,11172,4.951950,0.764755,-111.938741,40.576961,"LINESTRING (-111.938741 40.576961,-111.938819 40.584171)"
1,auto,1,5210,-1,1,11172,4.951950,0.764755,-111.938741,40.576961,"LINESTRING (-111.938741 40.576961,-111.938819 40.584171)"
0,auto,1,5211,-1,1,5210,5.360312,0.408362,-111.938687,40.573111,"LINESTRING (-111.938687 40.573111,-111.938741 40.576961)"
1,auto,1,5211,-1,1,5210,5.360312,0.408362,-111.938687,40.573111,"LINESTRING (-111.938687 40.573111,-111.938741 40.576961)"
0,auto,1,5214,-1,1,11261,7.339684,0.473705,-111.929207,40.562200,"LINESTRING (-111.929207 40.562200,-111.934612 40.562298)"
1,auto,1,5214,-1,1,11261,7.339684,0.473705,-111.929207,40.562200,"LINESTRING (-111.929207 40.562200,-111.934612 40.562298)"
0,auto,1,5215,-1,1,11183,7.460455,0.405472,-111.919678,40.572454,"LINESTRING (-111.919678 40.572454,-111.923406 40.572477)"
1,auto,1,5215,-1,1,11183,7.460455,0.405472,-111.919678,40.572454,"LINESTRING (-111.919678 40.572454,-111.923406 40.572477)"
0,auto,1,5216,-1,1,11507,9.144057,0.562691,-111.902774,40.558997,"LINESTRING (-111.902774 40.558997,-111.902527 40.562393)"
1,auto,1,5216,-1,1,11507,9.144057,0.562691,-111.902774,40.558997,"LINESTRING (-111.902774 40.558997,-111.902527 40.562393)"
0,auto,1,5219,-1,1,11173,6.153660,1.088014,-111.929172,40.576740,"LINESTRING (-111.929172 40.576740,-111.929246 40.584369)"
1,auto,1,5219,-1,1,11173,6.153660,1.088014,-111.929172,40.576740,"LINESTRING (-111.929172 40.576740,-111.929246 40.584369)"
0,auto,1,5232,-1,1,11182,6.424754,0.104418,-111.929201,40.572493,"LINESTRING (-111.929201 40.572493,-111.930154 40.572580)"
1,auto,1,5232,-1,1,11182,6.424754,0.104418,-111.929201,40.572493,"LINESTRING (-111.929201 40.572493,-111.930154 40.572580)"
0,auto,1,5240,-1,1,5010,3.756818,0.224377,-111.911929,40.614669,"LINESTRING (-111.911929 40.614669,-111.910059 40.616076)"
1,auto,1,5240,-1,1,5010,3.756818,0.224377,-111.911929,40.614669,"LINESTRING (-111.911929 40.614669,-111.910059 40.616076)"
0,auto,1,5436,-1,1,5577,0.311643,0.311473,-111.938742,40.624085,"LINESTRING (-111.938742 40.624085,-111.942300 40.624038)"
1,auto,1,5436,-1,1,5577,0.311643,0.311473,-111.938742,40.624085,"LINESTRING (-111.938742 40.624085,-111.942300 40.624038)"
0,auto,1,5440,-1,1,11125,1.190547,0.460997,-111.929192,40.623484,"LINESTRING (-111.929192 40.623484,-111.933970 40.624024)"
1,auto,1,5440,-1,1,11125,1.190547,0.460997,-111.929192,40.623484,"LINESTRING (-111.929192 40.623484,-111.933970 40.624024)"
0,auto,1,5441,-1,1,11126,2.351475,0.198743,-111.916854,40.622667,"LINESTRING (-111.916854 40.622667,-111.918637 40.623724)"
1,auto,1,5441,-1,1,11126,2.351475,0.198743,-111.916854,40.622667,"LINESTRING (-111.916854 40.622667,-111.918637 40.623724)"
0,auto,1,5524,-1,1,5022,2.883897,0.331127,-111.925488,40.608731,"LINESTRING (-111.925488 40.608731,-111.929163 40.609415)"
1,auto,1,5524,-1,1,5022,2.883897,0.331127,-111.925488,40.608731,"LINESTRING (-111.925488 40.608731,-111.929163 40.609415)"
0,auto,1,5587,-1,1,11259,8.240957,0.683742,-111.919260,40.560309,"LINESTRING (-111.919260 40.560309,-111.926737 40.562009)"
1,auto,1,5587,-1,1,11259,8.240957,0.683742,-111.919260,40.560309,"LINESTRING (-111.919260 40.560309,-111.926737 40.562009)"
0,auto,1,5588,-1,1,5215,7.757167,0.296712,-111.917018,40.571988,"LINESTRING (-111.917018 40.571988,-111.919678 40.572454)"
1,auto,1,5588,-1,1,5215,7.757167,0.296712,-111.917018,40.571988,"LINESTRING (-111.917018 40.571988,-111.919678 40.572454)"
0,auto,1,5589,-1,1,5112,4.183659,0.377304,-111.934063,40.587781,"LINESTRING (-111.934063 40.587781,-111.938730 40.587762)"
1,auto,1,5589,-1,1,5112,4.183659,0.377304,-111.934063,40.587781,"LINESTRING (-111.934063 40.587781,-111.938730 40.587762)"
0,auto,1,5592,-1,1,5114,5.269080,0.691820,-111.922175,40.587742,"LINESTRING (-111.922175 40.587742,-111.929195 40.587794)"
1,auto,1,5592,-1,1,5114,5.269080,0.691820,-111.922175,40.587742,"LINESTRING (-111.922175 40.587742,-111.929195 40.587794)"
0,auto,1,5727,-1,1,5118,7.429575,0.209682,-111.902133,40.588000,"LINESTRING (-111.902133 40.588000,-111.904260 40.588014)"
1,auto,1,5727,-1,1,5118,7.429575,0.209682,-111.902133,40.588000,"LINESTRING (-111.902133 40.588000,-111.904260 40.588014)"
0,auto,1,5728,-1,1,7984,9.141912,1.218992,-111.900794,40.573575,"LINESTRING (-111.900794 40.573575,-111.900701 40.580648)"
1,auto,1,5728,-1,1,7984,9.141912,1.218992,-111.900794,40.573575,"LINESTRING (-111.900794 40.573575,-111.900701 40.580648)"
0,auto,1,5729,-1,1,5175,8.836806,0.462962,-111.900825,40.569709,"LINESTRING (-111.900825 40.569709,-111.904348 40.569696)"
1,auto,1,5729,-1,1,5175,8.836806,0.462962,-111.900825,40.569709,"LINESTRING (-111.900825 40.569709,-111.904348 40.569696)"
0,auto,1,5730,-1,1,8172,7.906259,0.445223,-111.905499,40.583282,"LINESTRING (-111.905499 40.583282,-111.905503 40.580699)"
1,auto,1,5730,-1,1,8172,7.906259,0.445223,-111.905499,40.583282,"LINESTRING (-111.905499 40.583282,-111.905503 40.580699)"
0,auto,1,5736,-1,1,11146,2.403366,0.342206,-111.938695,40.602343,"LINESTRING (-111.938695 40.602343,-111.938858 40.605898)"
1,auto,1,5736,-1,1,11146,2.403366,0.342206,-111.938695,40.602343,"LINESTRING (-111.938695 40.602343,-111.938858 40.605898)"
0,auto,1,5820,-1,1,11147,3.317863,0.564961,-111.929267,40.603321,"LINESTRING (-111.929267 40.603321,-111.929235 40.607691)"
1,auto,1,5820,-1,1,11147,3.317863,0.564961,-111.929267,40.603321,"LINESTRING (-111.929267 40.603321,-111.929235 40.607691)"
0,auto,1,5861,-1,1,5441,2.530231,0.178756,-111.915194,40.621817,"LINESTRING (-111.915194 40.621817,-111.916854 40.622667)"
1,auto,1,5861,-1,1,5441,2.530231,0.178756,-111.915194,40.621817,"LINESTRING (-111.915194 40.621817,-111.916854 40.622667)"
0,auto,1,5863,-1,1,5524,3.666244,0.782347,-111.916784,40.610265,"LINESTRING (-111.916784 40.610265,-111.925488 40.608731)"
1,auto,1,5863,-1,1,5524,3.666244,0.782347,-111.916784,40.610265,"LINESTRING (-111.916784 40.610265,-111.925488 40.608731)"
0,auto,1,5868,-1,1,5174,9.057783,0.323632,-111.910187,40.558860,"LINESTRING (-111.910187 40.558860,-111.913869 40.559071)"
1,auto,1,5868,-1,1,5174,9.057783,0.323632,-111.910187,40.558860,"LINESTRING (-111.910187 40.558860,-111.913869 40.559071)"
0,auto,1,6185,-1,1,8172,8.166322,0.705286,-111.905514,40.575754,"LINESTRING (-111.905514 40.575754,-111.905503 40.580699)"
1,auto,1,6185,-1,1,8172,8.166322,0.705286,-111.905514,40.575754,"LINESTRING (-111.905514 40.575754,-111.905503 40.580699)"
0,auto,1,6255,-1,1,5215,8.507727,1.047272,-111.919626,40.565871,"LINESTRING (-111.919626 40.565871,-111.919678 40.572454)"
1,auto,1,6255,-1,1,5215,8.507727,1.047272,-111.919626,40.565871,"LINESTRING (-111.919626 40.565871,-111.919678 40.572454)"
0,auto,1,6256,-1,1,5232,7.059325,0.634571,-111.929139,40.568044,"LINESTRING (-111.929139 40.568044,-111.929201 40.572493)"
1,auto,1,6256,-1,1,5232,7.059325,0.634571,-111.929139,40.568044,"LINESTRING (-111.929139 40.568044,-111.929201 40.572493)"
0,auto,1,6270,-1,1,6273,6.986545,0.469708,-111.904847,40.593812,"LINESTRING (-111.904847 40.593812,-111.905677 40.596462)"
1,auto,1,6270,-1,1,6273,6.986545,0.469708,-111.904847,40.593812,"LINESTRING (-111.904847 40.593812,-111.905677 40.596462)"
0,auto,1,6273,-1,1,10851,6.516836,0.115178,-111.905677,40.596462,"LINESTRING (-111.905677 40.596462,-111.906130 40.597034)"
1,auto,1,6273,-1,1,10851,6.516836,0.115178,-111.905677,40.596462,"LINESTRING (-111.905677 40.596462,-111.906130 40.597034)"
0,auto,1,7210,-1,1,10854,7.612399,0.164398,-111.904821,40.585866,"LINESTRING (-111.904821 40.585866,-111.904193 40.586691)"
1,auto,1,7210,-1,1,10854,7.612399,0.164398,-111.904821,40.585866,"LINESTRING (-111.904821 40.585866,-111.904193 40.586691)"
0,auto,1,7984,-1,1,11489,7.922920,0.205072,-111.900701,40.580648,"LINESTRING (-111.900701 40.580648,-111.902652 40.580647)"
1,auto,1,7984,-1,1,11489,7.922920,0.205072,-111.900701,40.580648,"LINESTRING (-111.900701 40.580648,-111.902652 40.580647)"
0,auto,1,8172,-1,1,3001,7.461036,0.207523,-111.905503,40.580699,"LINESTRING (-111.905503 40.580699,-111.909573 40.580790)"
1,auto,1,8172,-1,1,3001,7.461036,0.207523,-111.905503,40.580699,"LINESTRING (-111.905503 40.580699,-111.909573 40.580790)"
0,auto,1,10849,-1,1,4156,8.367929,0.236354,-111.900672,40.584264,"LINESTRING (-111.900672 40.584264,-111.900942 40.585620)"
1,auto,1,10849,-1,1,4156,8.367929,0.236354,-111.900672,40.584264,"LINESTRING (-111.900672 40.584264,-111.900942 40.585620)"
0,auto,1,10850,-1,1,7210,7.706840,0.094441,-111.904175,40.585624,"LINESTRING (-111.904175 40.585624,-111.904821 40.585866)"
1,auto,1,10850,-1,1,7210,7.706840,0.094441,-111.904175,40.585624,"LINESTRING (-111.904175 40.585624,-111.904821 40.585866)"
0,auto,1,10851,-1,1,10852,6.401658,0.470707,-111.906130,40.597034,"LINESTRING (-111.906130 40.597034,-111.909246 40.598382)"
1,auto,1,10851,-1,1,10852,6.401658,0.470707,-111.906130,40.597034,"LINESTRING (-111.906130 40.597034,-111.909246 40.598382)"
0,auto,1,10852,-1,1,5106,5.930951,0.137665,-111.909246,40.598382,"LINESTRING (-111.909246 40.598382,-111.910268 40.598557)"
1,auto,1,10852,-1,1,5106,5.930951,0.137665,-111.909246,40.598382,"LINESTRING (-111.909246 40.598382,-111.910268 40.598557)"
0,auto,1,10853,-1,1,6270,7.238138,0.251594,-111.904442,40.592385,"LINESTRING (-111.904442 40.592385,-111.904847 40.593812)"
1,auto,1,10853,-1,1,6270,7.238138,0.251594,-111.904442,40.592385,"LINESTRING (-111.904442 40.592385,-111.904847 40.593812)"
0,auto,1,10854,-1,1,5118,7.448001,0.228108,-111.904193,40.586691,"LINESTRING (-111.904193 40.586691,-111.904260 40.588014)"
1,auto,1,10854,-1,1,5118,7.448001,0.228108,-111.904193,40.586691,"LINESTRING (-111.904193 40.586691,-111.904260 40.588014)"
0,auto,1,10857,-1,1,5587,8.577440,0.336483,-111.919656,40.562402,"LINESTRING (-111.919656 40.562402,-111.919260 40.560309)"
1,auto,1,10857,-1,1,5587,8.577440,0.336483,-111.919656,40.562402,"LINESTRING (-111.919656 40.562402,-111.919260 40.560309)"
0,auto,1,10872,-1,1,5861,2.730939,0.200709,-111.913107,40.621094,"LINESTRING (-111.913107 40.621094,-111.915194 40.621817)"
1,auto,1,10872,-1,1,5861,2.730939,0.200709,-111.913107,40.621094,"LINESTRING (-111.913107 40.621094,-111.915194 40.621817)"
0,auto,1,11124,-1,1,5017,2.319914,0.606956,-111.931819,40.609526,"LINESTRING (-111.931819 40.609526,-111.938751 40.609517)"
1,auto,1,11124,-1,1,5017,2.319914,0.606956,-111.931819,40.609526,"LINESTRING (-111.931819 40.609526,-111.938751 40.609517)"
0,auto,1,11125,-1,1,5436,0.729550,0.417907,-111.933970,40.624024,"LINESTRING (-111.933970 40.624024,-111.938742 40.624085)"
1,auto,1,11125,-1,1,5436,0.729550,0.417907,-111.933970,40.624024,"LINESTRING (-111.933970 40.624024,-111.938742 40.624085)"
0,auto,1,11126,-1,1,11127,2.152732,0.529504,-111.918637,40.623724,"LINESTRING (-111.918637 40.623724,-111.924686 40.623746)"
1,auto,1,11126,-1,1,11127,2.152732,0.529504,-111.918637,40.623724,"LINESTRING (-111.918637 40.623724,-111.924686 40.623746)"
0,auto,1,11127,-1,1,5440,1.623228,0.432681,-111.924686,40.623746,"LINESTRING (-111.924686 40.623746,-111.929192 40.623484)"
1,auto,1,11127,-1,1,5440,1.623228,0.432681,-111.924686,40.623746,"LINESTRING (-111.924686 40.623746,-111.929192 40.623484)"
0,auto,1,11128,-1,1,5030,3.311525,0.278124,-111.907655,40.620856,"LINESTRING (-111.907655 40.620856,-111.909957 40.621262)"
1,auto,1,11128,-1,1,5030,3.311525,0.278124,-111.907655,40.620856,"LINESTRING (-111.907655 40.620856,-111.909957 40.621262)"
0,auto,1,11129,-1,1,5027,4.303620,0.236020,-111.907639,40.610911,"LINESTRING (-111.907639 40.610911,-111.910314 40.610655)"
1,auto,1,11129,-1,1,5027,4.303620,0.236020,-111.907639,40.610911,"LINESTRING (-111.907639 40.610911,-111.910314 40.610655)"
0,auto,1,11146,-1,1,5017,2.061160,0.348202,-111.938858,40.605898,"LINESTRING (-111.938858 40.605898,-111.938751 40.609517)"
1,auto,1,11146,-1,1,5017,2.061160,0.348202,-111.938858,40.605898,"LINESTRING (-111.938858 40.605898,-111.938751 40.609517)"
0,auto,1,11147,-1,1,1319,2.752902,0.345871,-111.929235,40.607691,"LINESTRING (-111.929235 40.607691,-111.934408 40.607297)"
1,auto,1,11147,-1,1,1319,2.752902,0.345871,-111.929235,40.607691,"LINESTRING (-111.929235 40.607691,-111.934408 40.607297)"
0,auto,1,11148,-1,1,5736,2.721308,0.317942,-111.938793,40.599039,"LINESTRING (-111.938793 40.599039,-111.938695 40.602343)"
1,auto,1,11148,-1,1,5736,2.721308,0.317942,-111.938793,40.599039,"LINESTRING (-111.938793 40.599039,-111.938695 40.602343)"
0,auto,1,11150,-1,1,5027,4.559294,0.491694,-111.910332,40.607207,"LINESTRING (-111.910332 40.607207,-111.910314 40.610655)"
1,auto,1,11150,-1,1,5027,4.559294,0.491694,-111.910332,40.607207,"LINESTRING (-111.910332 40.607207,-111.910314 40.610655)"
0,auto,1,11160,-1,1,5113,3.509609,0.304973,-111.938878,40.590844,"LINESTRING (-111.938878 40.590844,-111.938770 40.594013)"
1,auto,1,11160,-1,1,5113,3.509609,0.304973,-111.938878,40.590844,"LINESTRING (-111.938878 40.590844,-111.938770 40.594013)"
0,auto,1,11161,-1,1,1322,4.617863,0.762383,-111.929272,40.591047,"LINESTRING (-111.929272 40.591047,-111.934349 40.591006)"
1,auto,1,11161,-1,1,1322,4.617863,0.762383,-111.929272,40.591047,"LINESTRING (-111.929272 40.591047,-111.934349 40.591006)"
0,auto,1,11172,-1,1,5112,4.187195,0.380840,-111.938819,40.584171,"LINESTRING (-111.938819 40.584171,-111.938730 40.587762)"
1,auto,1,11172,-1,1,5112,4.187195,0.380840,-111.938819,40.584171,"LINESTRING (-111.938819 40.584171,-111.938730 40.587762)"
0,auto,1,11173,-1,1,5114,5.065646,0.488386,-111.929246,40.584369,"LINESTRING (-111.929246 40.584369,-111.929195 40.587794)"
1,auto,1,11173,-1,1,5114,5.065646,0.488386,-111.929246,40.584369,"LINESTRING (-111.929246 40.584369,-111.929195 40.587794)"
0,auto,1,11181,-1,1,5211,6.192967,0.832655,-111.931031,40.573173,"LINESTRING (-111.931031 40.573173,-111.938687 40.573111)"
1,auto,1,11181,-1,1,5211,6.192967,0.832655,-111.931031,40.573173,"LINESTRING (-111.931031 40.573173,-111.938687 40.573111)"
0,auto,1,11182,-1,1,11181,6.320336,0.127369,-111.930154,40.572580,"LINESTRING (-111.930154 40.572580,-111.931031 40.573173)"
1,auto,1,11182,-1,1,11181,6.320336,0.127369,-111.930154,40.572580,"LINESTRING (-111.930154 40.572580,-111.931031 40.573173)"
0,auto,1,11183,-1,1,5232,7.054983,0.630229,-111.923406,40.572477,"LINESTRING (-111.923406 40.572477,-111.929201 40.572493)"
1,auto,1,11183,-1,1,5232,7.054983,0.630229,-111.923406,40.572477,"LINESTRING (-111.923406 40.572477,-111.929201 40.572493)"
0,auto,1,11184,-1,1,5588,8.188149,0.430983,-111.913770,40.572331,"LINESTRING (-111.913770 40.572331,-111.917018 40.571988)"
1,auto,1,11184,-1,1,5588,8.188149,0.430983,-111.913770,40.572331,"LINESTRING (-111.913770 40.572331,-111.917018 40.571988)"
0,auto,1,11255,-1,1,5117,6.861615,0.230669,-111.907886,40.587813,"LINESTRING (-111.907886 40.587813,-111.910225 40.587717)"
1,auto,1,11255,-1,1,5117,6.861615,0.230669,-111.907886,40.587813,"LINESTRING (-111.907886 40.587813,-111.910225 40.587717)"
0,auto,1,11257,-1,1,5175,8.902765,0.528921,-111.908371,40.569754,"LINESTRING (-111.908371 40.569754,-111.904348 40.569696)"
1,auto,1,11257,-1,1,5175,8.902765,0.528921,-111.908371,40.569754,"LINESTRING (-111.908371 40.569754,-111.904348 40.569696)"
0,auto,1,11259,-1,1,5214,7.557216,0.217532,-111.926737,40.562009,"LINESTRING (-111.926737 40.562009,-111.929207 40.562200)"
1,auto,1,11259,-1,1,5214,7.557216,0.217532,-111.926737,40.562009,"LINESTRING (-111.926737 40.562009,-111.929207 40.562200)"
0,auto,1,11261,-1,1,5208,6.865979,0.357611,-111.934612,40.562298,"LINESTRING (-111.934612 40.562298,-111.938693 40.562285)"
1,auto,1,11261,-1,1,5208,6.865979,0.357611,-111.934612,40.562298,"LINESTRING (-111.934612 40.562298,-111.938693 40.562285)"
0,auto,1,11489,-1,1,8172,7.717848,0.256812,-111.902652,40.580647,"LINESTRING (-111.902652 40.580647,-111.905503 40.580699)"
1,auto,1,11489,-1,1,8172,7.717848,0.256812,-111.902652,40.580647,"LINESTRING (-111.902652 40.580647,-111.905503 40.580699)"
0,auto,1,11507,-1,1,5175,8.581367,0.207522,-111.902527,40.562393,"LINESTRING (-111.902527 40.562393,-111.904348 40.569696)"
1,auto,1,11507,-1,1,5175,8.581367,0.207522,-111.902527,40.562393,"LINESTRING (-111.902527 40.562393,-111.904348 40.569696)"
0,auto,1,11763,-1,1,7210,7.799033,0.186634,-111.905488,40.584909,"LINESTRING (-111.905488 40.584909,-111.904821 40.585866)"
1,auto,1,11763,-1,1,7210,7.799033,0.186634,-111.905488,40.584909,"LINESTRING (-111.905488 40.584909,-111.904821 40.585866)"
0,auto,1,11910,-1,1,5118,7.559182,0.339289,-111.904258,40.589983,"LINESTRING (-111.904258 40.589983,-111.904260 40.588014)"
1,auto,1,11910,-1,1,5118,7.559182,0.339289,-111.904258,40.589983,"LINESTRING (-111.904258 40.589983,-111.904260 40.588014)"
0,auto,1,-1,1,1,-1,0.000000,0.000000,-111.942300,40.624038,"LINESTRING (-111.942300 40.624038,-111.942300 40.624038)"
1,auto,1,-1,1,1,-1,0.000000,0.000000,-111.942300,40.624038,"LINESTRING (-111.942300 40.624038,-111.942300 40.624038)"
0,auto,1,-2,2,1,11123,2.149856,0.000170,-111.943739,40.609520,"LINESTRING (-111.943739 40.609520,-111.943739 40.609520)"
1,auto,1,-2,2,1,11123,2.149856,0.000170,-111.943739,40.609520,"LINESTRING (-111.943739 40.609520,-111.943739 40.609520)"
0,auto,1,-3,3,1,11159,4.200587,0.000170,-111.943604,40.587762,"LINESTRING (-111.943604 40.587762,-111.943604 40.587762)"
1,auto,1,-3,3,1,11159,4.200587,0.000170,-111.943604,40.587762,"LINESTRING (-111.943604 40.587762,-111.943604 40.587762)"
0,auto,1,-4,4,1,11180,5.986782,0.000170,-111.944442,40.573253,"LINESTRING (-111.944442 40.573253,-111.944442 40.573253)"
1,auto,1,-4,4,1,11180,5.986782,0.000170,-111.944442,40.573253,"LINESTRING (-111.944442 40.573253,-111.944442 40.573253)"
0,auto,1,-5,5,1,11282,6.965282,0.000170,-111.943762,40.562247,"LINESTRING (-111.943762 40.562247,-111.943762 40.562247)"
1,auto,1,-5,5,1,11282,6.965282,0.000170,-111.943762,40.562247,"LINESTRING (-111.943762 40.562247,-111.943762 40.562247)"
0,auto,1,-6,6,1,5238,7.519540,0.000170,-111.938753,40.552997,"LINESTRING (-111.938753 40.552997,-111.938753 40.552997)"
1,auto,1,-6,6,1,5238,7.519540,0.000170,-111.938753,40.552997,"LINESTRING (-111.938753 40.552997,-111.938753 40.552997)"
0,auto,1,-7,7,1,11281,8.258111,0.000170,-111.929153,40.555761,"LINESTRING (-111.929153 40.555761,-111.929153 40.555761)"
1,auto,1,-7,7,1,11281,8.258111,0.000170,-111.929153,40.555761,"LINESTRING (-111.929153 40.555761,-111.929153 40.555761)"
0,auto,1,-8,8,1,10847,9.398869,0.000170,-111.902749,40.557151,"LINESTRING (-111.902749 40.557151,-111.902749 40.557151)"
1,auto,1,-8,8,1,10847,9.398869,0.000170,-111.902749,40.557151,"LINESTRING (-111.902749 40.557151,-111.902749 40.557151)"
0,auto,1,-9,9,1,5356,9.571960,0.000170,-111.899113,40.558973,"LINESTRING (-111.899113 40.558973,-111.899113 40.558973)"
1,auto,1,-9,9,1,5356,9.571960,0.000170,-111.899113,40.558973,"LINESTRING (-111.899113 40.558973,-111.899113 40.558973)"
0,auto,1,-10,10,1,5929,9.306125,0.000170,-111.897106,40.569721,"LINESTRING (-111.897106 40.569721,-111.897106 40.569721)"
1,auto,1,-10,10,1,5929,9.306125,0.000170,-111.897106,40.569721,"LINESTRING (-111.897106 40.569721,-111.897106 40.569721)"
0,auto,1,-11,11,1,5119,7.538427,0.000170,-111.901030,40.587971,"LINESTRING (-111.901030 40.587971,-111.901030 40.587971)"
1,auto,1,-11,11,1,5119,7.538427,0.000170,-111.901030,40.587971,"LINESTRING (-111.901030 40.587971,-111.901030 40.587971)"
0,auto,1,-12,12,1,11151,5.189645,0.000170,-111.906610,40.605960,"LINESTRING (-111.906610 40.605960,-111.906610 40.605960)"
1,auto,1,-12,12,1,11151,5.189645,0.000170,-111.906610,40.605960,"LINESTRING (-111.906610 40.605960,-111.906610 40.605960)"
0,auto,1,-13,13,1,5034,4.767401,0.000169,-111.902804,40.610814,"LINESTRING (-111.902804 40.610814,-111.902804 40.610814)"
1,auto,1,-13,13,1,5034,4.767401,0.000169,-111.902804,40.610814,"LINESTRING (-111.902804 40.610814,-111.902804 40.610814)"
0,auto,1,-14,14,1,5037,3.998454,0.000170,-111.901884,40.620828,"LINESTRING (-111.901884 40.620828,-111.901884 40.620828)"
1,auto,1,-14,14,1,5037,3.998454,0.000170,-111.901884,40.620828,"LINESTRING (-111.901884 40.620828,-111.901884 40.620828)"
0,auto,1,-15,15,1,4899,3.553848,0.000170,-111.910059,40.625783,"LINESTRING (-111.910059 40.625783,-111.910059 40.625783)"
1,auto,1,-15,15,1,4899,3.553848,0.000170,-111.910059,40.625783,"LINESTRING (-111.910059 40.625783,-111.910059 40.625783)"
0,auto,1,-16,16,1,11827,1.546389,0.000170,-111.929192,40.626782,"LINESTRING (-111.929192 40.626782,-111.929192 40.626782)"
1,auto,1,-16,16,1,11827,1.546389,0.000170,-111.929192,40.626782,"LINESTRING (-111.929192 40.626782,-111.929192 40.626782)"
0,auto,1,-17,17,1,1289,1.767068,0.000170,-111.933868,40.616707,"LINESTRING (-111.933868 40.616707,-111.933868 40.616707)"
1,auto,1,-17,17,1,1289,1.767068,0.000170,-111.933868,40.616707,"LINESTRING (-111.933868 40.616707,-111.933868 40.616707)"
0,auto,1,-18,18,1,1286,2.060321,0.000170,-111.934202,40.630776,"LINESTRING (-111.934202 40.630776,-111.934202 40.630776)"
1,auto,1,-18,18,1,1286,2.060321,0.000170,-111.934202,40.630776,"LINESTRING (-111.934202 40.630776,-111.934202 40.630776)"
0,auto,1,-19,19,1,1352,6.612099,0.000170,-111.933963,40.567876,"LINESTRING (-111.933963 40.567876,-111.933963 40.567876)"
1,auto,1,-19,19,1,1352,6.612099,0.000170,-111.933963,40.567876,"LINESTRING (-111.933963 40.567876,-111.933963 40.567876)"
0,auto,1,-20,20,1,1356,7.833299,0.000169,-111.924114,40.567177,"LINESTRING (-111.924114 40.567177,-111.924114 40.567177)"
1,auto,1,-20,20,1,1356,7.833299,0.000169,-111.924114,40.567177,"LINESTRING (-111.924114 40.567177,-111.924114 40.567177)"
0,auto,1,-21,21,1,6253,9.839774,0.000169,-111.913648,40.554715,"LINESTRING (-111.913648 40.554715,-111.913648 40.554715)"
1,auto,1,-21,21,1,6253,9.839774,0.000169,-111.913648,40.554715,"LINESTRING (-111.913648 40.554715,-111.913648 40.554715)"
0,auto,1,-22,22,1,3689,8.806996,0.000170,-111.900748,40.562521,"LINESTRING (-111.900748 40.562521,-111.900748 40.562521)"
1,auto,1,-22,22,1,3689,8.806996,0.000170,-111.900748,40.562521,"LINESTRING (-111.900748 40.562521,-111.900748 40.562521)"
0,auto,1,-23,23,1,1361,9.653265,0.000170,-111.902492,40.575680,"LINESTRING (-111.902492 40.575680,-111.902492 40.575680)"
1,auto,1,-23,23,1,1361,9.653265,0.000170,-111.902492,40.575680,"LINESTRING (-111.902492 40.575680,-111.902492 40.575680)"
0,auto,1,-24,24,1,1325,7.712913,0.000170,-111.907451,40.592344,"LINESTRING (-111.907451 40.592344,-111.907451 40.592344)"
1,auto,1,-24,24,1,1325,7.712913,0.000170,-111.907451,40.592344,"LINESTRING (-111.907451 40.592344,-111.907451 40.592344)"
0,auto,1,-25,25,1,1354,5.985344,0.000170,-111.923428,40.584054,"LINESTRING (-111.923428 40.584054,-111.923428 40.584054)"
1,auto,1,-25,25,1,1354,5.985344,0.000170,-111.923428,40.584054,"LINESTRING (-111.923428 40.584054,-111.923428 40.584054)"
0,auto,1,-26,26,1,1323,4.963903,0.000170,-111.921418,40.591609,"LINESTRING (-111.921418 40.591609,-111.921418 40.591609)"
1,auto,1,-26,26,1,1323,4.963903,0.000170,-111.921418,40.591609,"LINESTRING (-111.921418 40.591609,-111.921418 40.591609)"
0,auto,1,-27,27,1,1346,4.906346,0.000170,-111.943605,40.584092,"LINESTRING (-111.943605 40.584092,-111.943605 40.584092)"
1,auto,1,-27,27,1,1346,4.906346,0.000170,-111.943605,40.584092,"LINESTRING (-111.943605 40.584092,-111.943605 40.584092)"
0,auto,1,-28,28,1,1359,7.599554,0.000170,-111.911824,40.577722,"LINESTRING (-111.911824 40.577722,-111.911824 40.577722)"
1,auto,1,-28,28,1,1359,7.599554,0.000170,-111.911824,40.577722,"LINESTRING (-111.911824 40.577722,-111.911824 40.577722)"
0,auto,1,-29,29,1,3002,7.184509,0.000170,-111.911260,40.581966,"LINESTRING (-111.911260 40.581966,-111.911260 40.581966)"
1,auto,1,-29,29,1,3002,7.184509,0.000170,-111.911260,40.581966,"LINESTRING (-111.911260 40.581966,-111.911260 40.581966)"
0,auto,1,-30,30,1,1360,8.202003,0.000170,-111.901834,40.584029,"LINESTRING (-111.901834 40.584029,-111.901834 40.584029)"
1,auto,1,-30,30,1,1360,8.202003,0.000170,-111.901834,40.584029,"LINESTRING (-111.901834 40.584029,-111.901834 40.584029)"
0,auto,1,-31,31,1,1314,2.848840,0.000170,-111.944074,40.606326,"LINESTRING (-111.944074 40.606326,-111.944074 40.606326)"
1,auto,1,-31,31,1,1314,2.848840,0.000170,-111.944074,40.606326,"LINESTRING (-111.944074 40.606326,-111.944074 40.606326)"
0,auto,1,-32,32,1,1285,1.699395,0.000170,-111.943375,40.616454,"LINESTRING (-111.943375 40.616454,-111.943375 40.616454)"
1,auto,1,-32,32,1,1285,1.699395,0.000170,-111.943375,40.616454,"LINESTRING (-111.943375 40.616454,-111.943375 40.616454)"
0,auto,1,-33,33,1,1351,6.614384,0.000170,-111.943535,40.568001,"LINESTRING (-111.943535 40.568001,-111.943535 40.568001)"
1,auto,1,-33,33,1,1351,6.614384,0.000170,-111.943535,40.568001,"LINESTRING (-111.943535 40.568001,-111.943535 40.568001)"
0,auto,1,-34,34,1,1319,2.407201,0.000170,-111.934408,40.607297,"LINESTRING (-111.934408 40.607297,-111.934408 40.607297)"
1,auto,1,-34,34,1,1319,2.407201,0.000170,-111.934408,40.607297,"LINESTRING (-111.934408 40.607297,-111.934408 40.607297)"
0,auto,1,-35,35,1,1290,2.643652,0.000170,-111.924502,40.617134,"LINESTRING (-111.924502 40.617134,-111.924502 40.617134)"
1,auto,1,-35,35,1,1290,2.643652,0.000170,-111.924502,40.617134,"LINESTRING (-111.924502 40.617134,-111.924502 40.617134)"
0,auto,1,-36,36,1,1299,3.864538,0.000170,-111.908054,40.616174,"LINESTRING (-111.908054 40.616174,-111.908054 40.616174)"
1,auto,1,-36,36,1,1299,3.864538,0.000170,-111.908054,40.616174,"LINESTRING (-111.908054 40.616174,-111.908054 40.616174)"
0,auto,1,-37,37,1,1349,5.611424,0.000170,-111.934352,40.576870,"LINESTRING (-111.934352 40.576870,-111.934352 40.576870)"
1,auto,1,-37,37,1,1349,5.611424,0.000170,-111.934352,40.576870,"LINESTRING (-111.934352 40.576870,-111.934352 40.576870)"
0,auto,1,-38,38,1,1397,8.611349,0.000170,-111.936589,40.553565,"LINESTRING (-111.936589 40.553565,-111.936589 40.553565)"
1,auto,1,-38,38,1,1397,8.611349,0.000170,-111.936589,40.553565,"LINESTRING (-111.936589 40.553565,-111.936589 40.553565)"
0,auto,1,-39,39,1,1404,9.319376,0.000170,-111.908153,40.571760,"LINESTRING (-111.908153 40.571760,-111.908153 40.571760)"
1,auto,1,-39,39,1,1404,9.319376,0.000170,-111.908153,40.571760,"LINESTRING (-111.908153 40.571760,-111.908153 40.571760)"
0,auto,1,-40,40,1,1296,4.344052,0.000170,-111.915638,40.613722,"LINESTRING (-111.915638 40.613722,-111.915638 40.613722)"
1,auto,1,-40,40,1,1296,4.344052,0.000170,-111.915638,40.613722,"LINESTRING (-111.915638 40.613722,-111.915638 40.613722)"
0,auto,1,-41,41,1,5578,0.984471,0.000170,-111.938760,40.630427,"LINESTRING (-111.938760 40.630427,-111.938760 40.630427)"
1,auto,1,-41,41,1,5578,0.984471,0.000170,-111.938760,40.630427,"LINESTRING (-111.938760 40.630427,-111.938760 40.630427)"
