link_id,name,from_node_id,to_node_id,facility_type,link_type,dir_flag,length,lanes,lanes_s0,lanes_s1,link_type_s0,link_type_s1,free_speed,capacity,penalty_s1_auto_am,geometry
3,(null),1,4,arterial,2,0,15000,1,1,1,2,2,60,3000,0,"LINESTRING (0.017882 -0.125179 ,19.688841 -9.692418 )"
4,(null),4,2,arterial,2,0,15000,1,1,1,2,2,60,3000,,"LINESTRING (19.688841 -9.692418 ,40.253933 0.053648 )"
1,(null),1,3,Freeway,1,0,10000,1,1,2,1,1,60,4000,,"LINESTRING (0.017882 -0.125179 ,19.778254 14.806867 )"
2,(null),3,2,Freeway,1,0,10000,1,1,2,1,1,60,4000,,"LINESTRING (19.778254 14.806867 ,40.253933 0.053648 )"
