name,node_id,node_type,control_type,x_coord,y_coord,geometry
,1,,,-87.675591,42.01165,
,2,,,-87.699402,42.003548,
,3,,,-87.664871,41.977436,
,4,,,-87.689873,41.963932,
,5,,,-87.652962,41.932419,
,6,,,-87.743462,41.99004,
,7,,,-87.725601,41.960327,
,8,,,-87.799431,41.987339,
,9,,,-87.822052,41.948624,
,10,,,-87.763702,41.938721,
,11,,,-87.761322,41.896404,
,12,,,-87.725601,41.901806,
,13,,,-87.719643,41.872093,
,14,,,-87.713692,41.929718,
,15,,,-87.680351,41.903606,
,16,,,-87.668442,41.875694,
,17,,,-87.637482,41.901806,
,18,,,-87.630341,41.880196,
,19,,,-87.625572,41.858589,
,20,,,-87.717262,41.84058,
,21,,,-87.670822,41.854088,
,22,,,-87.622002,41.836079,
,23,,,-87.662491,41.823475,
,24,,,-87.713692,41.818974,
,25,,,-87.769661,41.789261,
,26,,,-87.710121,41.782059,
,27,,,-87.658913,41.778454,
,28,,,-87.613663,41.806366,
,29,,,-87.601761,41.76405,
,30,,,-87.711311,41.746941,
,31,,,-87.654152,41.735237,
,32,,,-87.677971,41.702824,
,33,,,-87.620811,41.674011,
,34,,,-87.619621,41.711826,
,35,,,-87.560081,41.741539,
,36,,,-87.556511,41.687519,
,37,,,-87.907791,41.981937,
,38,,,-88.17572,42.114288,
,39,,,-88.034012,42.134102,
,40,,,-88.093552,42.134102,
,41,,,-88.034012,42.090881,
,42,,,-88.092361,42.090881,
,43,,,-87.91851,42.133198,
,44,,,-87.97686,42.134102,
,45,,,-87.91851,42.090881,
,46,,,-87.97805,42.089081,
,47,,,-87.804192,42.134102,
,48,,,-87.861351,42.134102,
,49,,,-87.805382,42.090881,
,50,,,-87.861351,42.090881,
,51,,,-87.755371,42.131397,
,52,,,-87.698212,42.080074,
,53,,,-87.747032,42.089081,
,54,,,-88.17215,42.050365,
,55,,,-88.231689,42.048565,
,56,,,-88.17215,42.01165,
,57,,,-88.231689,42.01165,
,58,,,-88.060211,42.053066,
,59,,,-88.11618,42.051266,
,60,,,-88.060211,42.016151,
,61,,,-88.11618,42.014351,
,62,,,-87.950661,42.053967,
,63,,,-88.00544,42.053066,
,64,,,-87.950661,42.017052,
,65,,,-88.004242,42.016151,
,66,,,-87.838722,42.054867,
,67,,,-87.894691,42.054867,
,68,,,-87.838722,42.020653,
,69,,,-87.893501,42.019753,
,70,,,-87.72084,42.053967,
,71,,,-87.78157,42.055767,
,72,,,-87.723221,42.026054,
,73,,,-87.780373,42.026054,
,74,,,-87.683922,42.054867,
,75,,,-87.683922,42.034161,
,76,,,-87.87088,41.976536,
,77,,,-87.894691,41.932419,
,78,,,-87.837532,41.927917,
,79,,,-87.819672,41.964832,
,80,,,-87.833961,41.888302,
,81,,,-87.893501,41.887402,
,82,,,-87.833961,41.845982,
,83,,,-87.889931,41.843281,
,84,,,-87.793472,41.889198,
,85,,,-87.773232,41.845982,
,86,,,-87.830391,41.801865,
,87,,,-87.88755,41.800064,
,88,,,-87.830391,41.757748,
,89,,,-87.88755,41.755947,
,90,,,-87.775612,41.813568,
,91,,,-87.773232,41.757748,
,92,,,-87.969711,41.663208,
,93,,,-87.828011,41.714527,
,94,,,-87.885162,41.712727,
,95,,,-87.82682,41.66951,
,96,,,-87.882782,41.66951,
,97,,,-87.714882,41.722633,
,98,,,-87.770851,41.715431,
,99,,,-87.710121,41.663208,
,100,,,-87.769661,41.67131,
,101,,,-87.661301,41.660507,
,102,,,-87.82563,41.625393,
,103,,,-87.880402,41.624493,
,104,,,-87.822052,41.582176,
,105,,,-87.881592,41.581276,
,106,,,-87.707741,41.628094,
,107,,,-87.767281,41.628094,
,108,,,-87.706551,41.583977,
,109,,,-87.764893,41.582176,
,110,,,-87.589851,41.628094,
,111,,,-87.648201,41.629894,
,112,,,-87.588661,41.583076,
,113,,,-87.647011,41.583076,
,114,,,-87.544601,41.628094,
,115,,,-87.543411,41.583977,
,116,,,-87.70536,41.53896,
,117,,,-87.761322,41.53896,
,118,,,-87.702972,41.494839,
,119,,,-87.760132,41.494839,
,120,,,-87.588661,41.53896,
,121,,,-87.647011,41.53896,
,122,,,-87.587471,41.495739,
,123,,,-87.645821,41.495739,
,124,,,-87.542221,41.52095,
,125,,,-88.17453,41.969334,
,126,,,-88.230499,41.966633,
,127,,,-88.17215,41.925217,
,128,,,-88.231689,41.922516,
,129,,,-88.062592,41.970234,
,130,,,-88.11618,41.968433,
,131,,,-88.060211,41.928818,
,132,,,-88.11618,41.926113,
,133,,,-87.96257,41.972935,
,134,,,-88.00544,41.972935,
,135,,,-87.950661,41.928818,
,136,,,-88.00782,41.927917,
,137,,,-88.17453,41.879295,
,138,,,-88.231689,41.879295,
,139,,,-88.17572,41.837879,
,140,,,-88.230499,41.836079,
,141,,,-88.061401,41.883797,
,142,,,-88.11618,41.881996,
,143,,,-88.061401,41.84058,
,144,,,-88.11618,41.837879,
,145,,,-87.950661,41.886497,
,146,,,-88.004242,41.883797,
,147,,,-87.94709,41.84148,
,148,,,-88.00544,41.84058,
,149,,,-88.17453,41.792862,
,150,,,-88.23288,41.792862,
,151,,,-88.17334,41.749641,
,152,,,-88.231689,41.747845,
,153,,,-88.060211,41.794662,
,154,,,-88.11618,41.794662,
,155,,,-88.059021,41.752346,
,156,,,-88.11499,41.749641,
,157,,,-87.94709,41.796463,
,158,,,-88.003052,41.796463,
,159,,,-87.94471,41.755947,
,160,,,-88.001862,41.754147,
,161,,,-87.97448,41.71093,
,162,,,-88.521049,42.113392,
,163,,,-88.406731,42.113392,
,164,,,-88.26384,42.134102,
,165,,,-88.320999,42.135899,
,166,,,-88.26265,42.091782,
,167,,,-88.322189,42.090881,
,168,,,-88.5401,42.028755,
,169,,,-88.429359,42.028755,
,170,,,-88.288841,42.048565,
,171,,,-88.34481,42.046764,
,172,,,-88.290031,42.00985,
,173,,,-88.34481,42.00985,
,174,,,-88.53891,41.943222,
,175,,,-88.429359,41.945023,
,176,,,-88.286461,41.964832,
,177,,,-88.34481,41.965733,
,178,,,-88.288841,41.922516,
,179,,,-88.34362,41.919811,
,180,,,-88.5401,41.855888,
,181,,,-88.428169,41.858589,
,182,,,-88.288841,41.878395,
,183,,,-88.34362,41.876595,
,184,,,-88.287651,41.835178,
,185,,,-88.346001,41.834278,
,186,,,-88.5401,41.769451,
,187,,,-88.426979,41.772152,
,188,,,-88.287651,41.791061,
,189,,,-88.34243,41.790161,
,190,,,-88.287651,41.747845,
,191,,,-88.34243,41.745144,
,192,,,-88.16024,42.46093,
,193,,,-88.0364,42.478939,
,194,,,-88.09594,42.477139,
,195,,,-88.03521,42.439323,
,196,,,-88.091171,42.438423,
,197,,,-87.94709,42.46003,
,198,,,-87.844681,42.478039,
,199,,,-87.845871,42.438423,
,200,,,-88.15667,42.375397,
,201,,,-88.034012,42.394302,
,202,,,-88.093552,42.394302,
,203,,,-88.034012,42.352886,
,204,,,-88.093552,42.351986,
,205,,,-87.91613,42.392506,
,206,,,-87.975662,42.394302,
,207,,,-87.91851,42.351986,
,208,,,-87.97805,42.352886,
,209,,,-87.844681,42.395206,
,210,,,-87.854202,42.352886,
,211,,,-88.15905,42.288059,
,212,,,-88.03521,42.308769,
,213,,,-88.092361,42.308769,
,214,,,-88.03521,42.262852,
,215,,,-88.092361,42.265553,
,216,,,-87.919701,42.307869,
,217,,,-87.97686,42.306969,
,218,,,-87.91851,42.267353,
,219,,,-87.97805,42.264652,
,220,,,-87.861351,42.307869,
,221,,,-87.854202,42.262852,
,222,,,-88.15905,42.201626,
,223,,,-88.0364,42.221436,
,224,,,-88.092361,42.222336,
,225,,,-88.034012,42.179115,
,226,,,-88.092361,42.176414,
,227,,,-87.91732,42.221436,
,228,,,-87.97686,42.222336,
,229,,,-87.91851,42.180016,
,230,,,-87.97686,42.180016,
,231,,,-87.847061,42.219631,
,232,,,-87.804192,42.180016,
,233,,,-87.861351,42.177315,
,234,,,-88.637749,42.46003,
,235,,,-88.52224,42.459129,
,236,,,-88.409119,42.457329,
,237,,,-88.292419,42.458229,
,238,,,-88.216209,42.46093,
,239,,,-88.637749,42.375397,
,240,,,-88.52343,42.375397,
,241,,,-88.409119,42.375397,
,242,,,-88.26384,42.393402,
,243,,,-88.320999,42.394302,
,244,,,-88.26384,42.352886,
,245,,,-88.320999,42.351986,
,246,,,-88.216209,42.375397,
,247,,,-88.636559,42.289864,
,248,,,-88.52343,42.28896,
,249,,,-88.407921,42.288059,
,250,,,-88.26384,42.308769,
,251,,,-88.32338,42.306969,
,252,,,-88.26265,42.265553,
,253,,,-88.322189,42.261951,
,254,,,-88.216209,42.289864,
,255,,,-88.637749,42.203426,
,256,,,-88.52224,42.203426,
,257,,,-88.407921,42.203426,
,258,,,-88.26503,42.221436,
,259,,,-88.320999,42.220535,
,260,,,-88.26384,42.176414,
,261,,,-88.322189,42.176414,
,262,,,-88.216209,42.201626,
,263,,,-88.17334,41.705524,
,264,,,-88.230499,41.705524,
,265,,,-88.17334,41.661407,
,266,,,-88.229301,41.661407,
,267,,,-88.056641,41.709126,
,268,,,-88.11618,41.706425,
,269,,,-88.05545,41.664108,
,270,,,-88.11261,41.663208,
,271,,,-88.170959,41.618191,
,272,,,-88.226921,41.61549,
,273,,,-88.170959,41.574074,
,274,,,-88.224541,41.574074,
,275,,,-88.05307,41.620892,
,276,,,-88.11142,41.619991,
,277,,,-88.05307,41.577675,
,278,,,-88.110229,41.575874,
,279,,,-87.939941,41.624493,
,280,,,-87.995911,41.623592,
,281,,,-87.938751,41.579475,
,282,,,-87.995911,41.577675,
,283,,,-88.166191,41.530853,
,284,,,-88.223351,41.529053,
,285,,,-88.165001,41.488537,
,286,,,-88.223351,41.486736,
,287,,,-88.05188,41.534454,
,288,,,-88.109032,41.530853,
,289,,,-88.049492,41.489437,
,290,,,-88.106651,41.489437,
,291,,,-87.937561,41.537155,
,292,,,-87.99234,41.535355,
,293,,,-87.935181,41.493038,
,294,,,-87.99234,41.492138,
,295,,,-87.820862,41.538055,
,296,,,-87.878021,41.538055,
,297,,,-87.817291,41.494839,
,298,,,-87.878021,41.494839,
,299,,,-88.19001,41.42461,
,300,,,-88.076881,41.428211,
,301,,,-87.958992,41.429111,
,302,,,-87.8423,41.430012,
,303,,,-87.727982,41.431812,
,304,,,-87.587471,41.451622,
,305,,,-87.643433,41.452522,
,306,,,-87.586273,41.410206,
,307,,,-87.644623,41.410206,
,308,,,-87.541023,41.433617,
,309,,,-88.18644,41.338177,
,310,,,-88.073311,41.340878,
,311,,,-87.956612,41.343578,
,312,,,-87.84111,41.346279,
,313,,,-87.724411,41.347179,
,314,,,-87.612473,41.347179,
,315,,,-87.541023,41.34898,
,316,,,-88.184052,41.250839,
,317,,,-88.06855,41.253544,
,318,,,-88.5401,41.677612,
,319,,,-88.43055,41.685719,
,320,,,-88.31385,41.681217,
,321,,,-88.53772,41.588478,
,322,,,-88.424599,41.59478,
,323,,,-88.307899,41.592079,
,324,,,-88.535339,41.502045,
,325,,,-88.421021,41.502941,
,326,,,-88.305519,41.505646,
,327,,,-88.532959,41.415607,
,328,,,-88.41983,41.415607,
,329,,,-88.306709,41.421909,
,330,,,-88.52581,41.32917,
,331,,,-88.412689,41.323769,
,332,,,-88.301941,41.337276,
,333,,,-88.527,41.238235,
,334,,,-88.412689,41.239136,
,335,,,-88.29837,41.245438,
,336,,,-88.527,41.150902,
,337,,,-88.413879,41.152702,
,338,,,-88.29599,41.155403,
,339,,,-87.953041,41.25174,
,340,,,-87.831581,41.25174,
,341,,,-87.719643,41.25174,
,342,,,-87.591042,41.256245,
,343,,,-88.180481,41.158104,
,344,,,-88.06617,41.159904,
,345,,,-87.953041,41.12479,
,346,,,-87.867302,41.172508,
,347,,,-87.717262,41.166206,
,348,,,-87.588661,41.170708,
,349,,,-88.19001,41.052761,
,350,,,-88.06736,41.058163,
,351,,,-87.863731,41.109482,
,352,,,-87.78157,41.087875,
,353,,,-87.91851,41.040154,
,354,,,-87.711311,41.043755,
,355,,,-87.586273,41.066265,
,356,,,-87.480301,41.611889,
,357,,,-87.362411,41.592079,
,358,,,-87.265953,41.555164,
,359,,,-87.467201,41.480434,
,360,,,-87.315971,41.479534,
,361,,,-87.475533,41.396702,
,362,,,-87.365982,41.399403,
,363,,,-87.252861,41.399403,
,364,,,-87.469582,41.265247,
,365,,,-87.377892,41.267948,
,366,,,-87.275482,41.303062,
,367,,,-88.67704,41.896404,
,368,,,-88.772308,42.323174,
,369,,,-88.70562,42.544666,
,370,,,-88.591309,42.544666,
,371,,,-88.47818,42.544666,
,372,,,-88.3591,42.543766,
,373,,,-88.242401,42.543766,
,374,,,-88.13047,42.543766,
,375,,,-88.013771,42.544666,
,376,,,-87.88755,42.544666,
,377,,,-87.956612,42.688725,
,378,,,-88.286461,42.665314,
,379,,,-88.879478,42.242142,
,380,,,-88.769928,41.895504,
,381,,,-88.69133,41.356182,
,382,,,-88.748489,41.109482,
,383,,,-88.530579,41.05006,
,384,,,-87.920891,40.957321,
,385,,,-87.277863,41.146397,
,386,,,-87.142113,41.482235,
,387,,,-87.201653,41.590279,
,388,,,-88.521059,42.147606,
,389,,,-88.733022,42.288063,
,390,,,-88.736594,42.218735,
,391,,,-88.409124,42.107089,
,392,,,-88.32815,42.079178,
,393,,,-88.278136,42.066573,
,394,,,-88.217405,42.065673,
,395,,,-88.173346,42.066573,
,396,,,-88.107852,42.064772,
,397,,,-88.069746,42.063872,
,398,,,-88.028068,42.057569,
,399,,,-88.017351,42.053067,
,400,,,-88.03045,42.086381,
,401,,,-88.006634,42.1341,
,402,,,-88.019733,42.153909,
,403,,,-88.028068,42.016152,
,404,,,-88.022114,41.972034,
,405,,,-88.020923,41.958529,
,406,,,-88.037595,41.928817,
,407,,,-88.038785,41.883799,
,408,,,-88.032831,41.840581,
,409,,,-88.047121,41.81447,
,410,,,-88.116187,41.806367,
,411,,,-88.174537,41.804566,
,412,,,-88.231695,41.800965,
,413,,,-88.287663,41.798264,
,414,,,-88.342439,41.796463,
,415,,,-88.426986,41.805467,
,416,,,-88.540112,41.836079,
,417,,,-88.643712,41.86219,
,418,,,-87.957811,42.544668,
,419,,,-87.966147,42.463635,
,420,,,-87.951857,42.393406,
,421,,,-87.932804,42.351989,
,422,,,-87.907797,42.307871,
,423,,,-87.910179,42.266454,
,424,,,-87.899462,42.221436,
,425,,,-87.8816,42.178218,
,426,,,-87.878027,42.155709,
,427,,,-87.861356,42.149407,
,428,,,-87.798244,42.145805,
,429,,,-87.804198,42.154809,
,430,,,-87.808961,42.162912,
,431,,,-87.789908,42.1332,
,432,,,-87.763711,42.089983,
,433,,,-87.76252,42.054868,
,434,,,-87.772046,42.026056,
,435,,,-87.754184,41.990042,
,436,,,-87.749421,41.963931,
,437,,,-87.797053,41.982839,
,438,,,-87.870883,41.988241,
,439,,,-87.870883,42.020654,
,440,,,-87.870883,42.054868,
,441,,,-87.872073,42.090883,
,442,,,-87.876837,41.05276,
,443,,,-87.843494,41.104981,
,444,,,-87.850639,41.171609,
,445,,,-87.849448,41.251741,
,446,,,-87.804198,41.34628,
,447,,,-87.756566,41.431814,
,448,,,-87.743467,41.49484,
,449,,,-87.743467,41.538958,
,450,,,-87.743467,41.565969,
,451,,,-87.731559,41.583076,
,452,,,-87.707743,41.606486,
,453,,,-87.820869,41.553364,
,454,,,-87.992344,41.516449,
,455,,,-88.050693,41.512847,
,456,,,-88.107852,41.511947,
,457,,,-88.166201,41.495741,
,458,,,-88.193589,41.484936,
,459,,,-88.218596,41.477733,
,460,,,-88.306715,41.44442,
,461,,,-88.41746,41.389497,
,462,,,-88.529395,41.376892,
,463,,,-88.411506,41.115786,
,464,,,-88.348393,41.154502,
,465,,,-88.257893,41.247239,
,466,,,-88.186445,41.317468,
,467,,,-88.188826,41.402102,
,468,,,-88.184063,41.529954,
,469,,,-88.166201,41.574973,
,470,,,-88.160247,41.61819,
,471,,,-88.10547,41.663209,
,472,,,-88.056647,41.69202,
,473,,,-88.036404,41.709127,
,474,,,-88.035213,41.753245,
,475,,,-87.984009,41.726234,
,476,,,-87.957811,41.737039,
,477,,,-87.903034,41.76495,
,478,,,-87.91137,41.798264,
,479,,,-87.919705,41.842382,
,480,,,-87.923278,41.859489,
,481,,,-87.948285,41.86219,
,482,,,-87.957811,41.86219,
,483,,,-87.947094,41.845983,
,484,,,-87.892317,41.872094,
,485,,,-87.833968,41.872994,
,486,,,-87.920896,41.8874,
,487,,,-87.968528,41.928817,
,488,,,-88.006634,41.949525,
,489,,,-87.786336,41.872994,
,490,,,-87.767283,41.872094,
,491,,,-87.720842,41.876596,
,492,,,-87.669637,41.880197,
,493,,,-87.650585,41.877496,
,494,,,-87.667256,41.902706,
,495,,,-87.70298,41.929717,
,496,,,-87.735131,41.954928,
,497,,,-87.648203,41.856788,
,498,,,-87.644631,41.848684,
,499,,,-87.667256,41.841481,
,500,,,-87.714888,41.827976,
,501,,,-87.774428,41.809068,
,502,,,-87.830395,41.78836,
,503,,,-87.887554,41.76495,
,504,,,-87.887554,41.759548,
,505,,,-87.829205,41.741541,
,506,,,-87.804198,41.71453,
,507,,,-87.755375,41.676714,
,508,,,-87.681545,41.588478,
,509,,,-87.647012,41.578574,
,510,,,-87.588663,41.579475,
,511,,,-87.5839,41.579475,
,512,,,-87.543413,41.579475,
,513,,,-87.476728,41.574973,
,514,,,-87.381464,41.571371,
,515,,,-87.302871,41.573172,
,516,,,-87.323115,41.496641,
,517,,,-87.324305,41.399401,
,518,,,-87.299299,41.294959,
,519,,,-87.579137,41.500242,
,520,,,-87.576755,41.490338,
,521,,,-87.582709,41.537157,
,522,,,-87.581518,41.6425,
,523,,,-87.627959,41.719031,
,524,,,-87.664874,41.671312,
,525,,,-87.677973,41.628995,
,526,,,-87.518406,41.659607,
,527,,,-87.433859,41.612788,
,528,,,-87.610097,41.765851,
,529,,,-87.630341,41.777555,
,530,,,-87.627959,41.749644,
,531,,,-87.635104,41.793762,
,532,,,-87.635104,41.81447,
,533,,,-87.633913,41.832478,
,534,,,-87.308825,41.594781,
,535,,,-87.922087,41.891001,
,536,,,-87.898271,42.006248,
,537,,,-87.950666,42.024256,
,538,,,-88.055457,41.794662,
,539,,,-88.005443,41.835179,
,540,,,-87.898271,41.980138,
,541,,,-87.525551,41.656006,
,542,,,-87.432668,41.603785,
,543,,,-87.362411,41.610987,
,544,,,-87.302871,41.56867,
,545,,,-87.62915,41.719031,
,546,,,-87.461247,41.656006,
,547,,,-87.663683,42.020654,
,548,,,-87.687499,42.012551,
,549,,,-87.652966,41.98644,
,550,,,-87.677973,41.972935,
,551,,,-87.641058,41.941422,
,552,,,-87.731559,41.999045,
,553,,,-87.713697,41.969333,
,554,,,-87.787527,41.996344,
,555,,,-87.810152,41.957629,
,556,,,-87.751803,41.947725,
,557,,,-87.749421,41.905407,
,558,,,-87.713697,41.91081,
,559,,,-87.707743,41.881097,
,560,,,-87.701789,41.938721,
,561,,,-87.668447,41.91261,
,562,,,-87.656539,41.884699,
,563,,,-87.625578,41.91081,
,564,,,-87.618433,41.889201,
,565,,,-87.61367,41.867592,
,566,,,-87.705361,41.849585,
,567,,,-87.65892,41.86309,
,568,,,-87.610097,41.845083,
,569,,,-87.650585,41.832478,
,570,,,-87.701789,41.827976,
,571,,,-87.757757,41.798264,
,572,,,-87.698217,41.791061,
,573,,,-87.647012,41.787459,
,574,,,-87.601762,41.815371,
,575,,,-87.589854,41.773053,
,576,,,-87.699407,41.755946,
,577,,,-87.642249,41.744242,
,578,,,-87.666065,41.711829,
,579,,,-87.608907,41.683017,
,580,,,-87.607716,41.720832,
,581,,,-87.548176,41.750544,
,582,,,-87.544603,41.696522,
,583,,,-87.895889,41.990942,
,584,,,-88.163819,42.123296,
,585,,,-88.022114,42.143104,
,586,,,-88.081654,42.143104,
,587,,,-88.022114,42.099887,
,588,,,-88.080463,42.099887,
,589,,,-87.906607,42.142204,
,590,,,-87.964956,42.143104,
,591,,,-87.906607,42.099887,
,592,,,-87.966147,42.098086,
,593,,,-87.79229,42.143104,
,594,,,-87.849448,42.143104,
,595,,,-87.793481,42.099887,
,596,,,-87.849448,42.099887,
,597,,,-87.743467,42.140403,
,598,,,-87.686309,42.089082,
,599,,,-87.735131,42.098086,
,600,,,-88.160247,42.05937,
,601,,,-88.219787,42.057569,
,602,,,-88.160247,42.020654,
,603,,,-88.219787,42.020654,
,604,,,-88.048312,42.062071,
,605,,,-88.104279,42.06027,
,606,,,-88.048312,42.025156,
,607,,,-88.104279,42.023355,
,608,,,-87.938758,42.062972,
,609,,,-87.993535,42.062071,
,610,,,-87.938758,42.026056,
,611,,,-87.992344,42.025156,
,612,,,-87.826823,42.063872,
,613,,,-87.882791,42.063872,
,614,,,-87.826823,42.029658,
,615,,,-87.8816,42.028758,
,616,,,-87.708934,42.062972,
,617,,,-87.769665,42.064772,
,618,,,-87.711315,42.03506,
,619,,,-87.768474,42.03506,
,620,,,-87.672019,42.063872,
,621,,,-87.672019,42.043163,
,622,,,-87.858975,41.98554,
,623,,,-87.882791,41.941422,
,624,,,-87.825632,41.93692,
,625,,,-87.80777,41.973835,
,626,,,-87.82206,41.897304,
,627,,,-87.8816,41.896404,
,628,,,-87.82206,41.854987,
,629,,,-87.878027,41.852286,
,630,,,-87.781573,41.898204,
,631,,,-87.761329,41.854987,
,632,,,-87.818487,41.810869,
,633,,,-87.875646,41.809068,
,634,,,-87.818487,41.766751,
,635,,,-87.875646,41.76495,
,636,,,-87.763711,41.822574,
,637,,,-87.761329,41.766751,
,638,,,-87.957811,41.672212,
,639,,,-87.816106,41.723533,
,640,,,-87.873264,41.721733,
,641,,,-87.814915,41.678515,
,642,,,-87.870883,41.678515,
,643,,,-87.70298,41.731637,
,644,,,-87.758947,41.724434,
,645,,,-87.698217,41.672212,
,646,,,-87.757757,41.680316,
,647,,,-87.649394,41.669511,
,648,,,-87.813724,41.634397,
,649,,,-87.868501,41.633497,
,650,,,-87.810152,41.591179,
,651,,,-87.869692,41.590279,
,652,,,-87.695835,41.637098,
,653,,,-87.755375,41.637098,
,654,,,-87.694644,41.59298,
,655,,,-87.752993,41.591179,
,656,,,-87.577946,41.637098,
,657,,,-87.636295,41.638899,
,658,,,-87.576755,41.59208,
,659,,,-87.635104,41.59208,
,660,,,-87.532695,41.637098,
,661,,,-87.531505,41.59298,
,662,,,-87.693453,41.547962,
,663,,,-87.749421,41.547962,
,664,,,-87.691072,41.503844,
,665,,,-87.74823,41.503844,
,666,,,-87.576755,41.547962,
,667,,,-87.635104,41.547962,
,668,,,-87.575564,41.504744,
,669,,,-87.633913,41.504744,
,670,,,-87.530314,41.529954,
,671,,,-88.162629,41.978337,
,672,,,-88.218596,41.975636,
,673,,,-88.160247,41.934219,
,674,,,-88.219787,41.931518,
,675,,,-88.050693,41.979237,
,676,,,-88.104279,41.977437,
,677,,,-88.048312,41.937821,
,678,,,-88.104279,41.935119,
,679,,,-87.950666,41.981939,
,680,,,-87.993535,41.981939,
,681,,,-87.938758,41.937821,
,682,,,-87.995917,41.93692,
,683,,,-88.162629,41.8883,
,684,,,-88.219787,41.8883,
,685,,,-88.163819,41.846884,
,686,,,-88.218596,41.845083,
,687,,,-88.049503,41.892802,
,688,,,-88.104279,41.891001,
,689,,,-88.049503,41.849585,
,690,,,-88.104279,41.846884,
,691,,,-87.938758,41.895503,
,692,,,-87.992344,41.892802,
,693,,,-87.935186,41.850485,
,694,,,-87.993535,41.849585,
,695,,,-88.162629,41.801865,
,696,,,-88.220978,41.801865,
,697,,,-88.161438,41.758648,
,698,,,-88.219787,41.756847,
,699,,,-88.048312,41.803666,
,700,,,-88.104279,41.803666,
,701,,,-88.047121,41.761349,
,702,,,-88.103089,41.758648,
,703,,,-87.935186,41.805467,
,704,,,-87.991153,41.805467,
,705,,,-87.932804,41.76495,
,706,,,-87.989963,41.763149,
,707,,,-87.962574,41.719932,
,708,,,-88.509151,42.122396,
,709,,,-88.394835,42.122396,
,710,,,-88.251939,42.143104,
,711,,,-88.309097,42.144905,
,712,,,-88.250748,42.100787,
,713,,,-88.310288,42.099887,
,714,,,-88.528204,42.037761,
,715,,,-88.41746,42.037761,
,716,,,-88.276945,42.057569,
,717,,,-88.332913,42.055769,
,718,,,-88.278136,42.018854,
,719,,,-88.332913,42.018854,
,720,,,-88.527013,41.952226,
,721,,,-88.41746,41.954027,
,722,,,-88.274564,41.973835,
,723,,,-88.332913,41.974736,
,724,,,-88.276945,41.931518,
,725,,,-88.331722,41.928817,
,726,,,-88.528204,41.864891,
,727,,,-88.416269,41.867592,
,728,,,-88.276945,41.8874,
,729,,,-88.331722,41.885599,
,730,,,-88.275755,41.844182,
,731,,,-88.334104,41.843282,
,732,,,-88.528204,41.778456,
,733,,,-88.415078,41.781157,
,734,,,-88.275755,41.800064,
,735,,,-88.330531,41.799164,
,736,,,-88.275755,41.756847,
,737,,,-88.330531,41.754146,
,738,,,-88.148339,42.469937,
,739,,,-88.024496,42.487945,
,740,,,-88.084036,42.486144,
,741,,,-88.023305,42.448328,
,742,,,-88.079273,42.447428,
,743,,,-87.935186,42.469037,
,744,,,-87.832777,42.487044,
,745,,,-87.833968,42.447428,
,746,,,-88.144767,42.384402,
,747,,,-88.022114,42.40331,
,748,,,-88.081654,42.40331,
,749,,,-88.022114,42.361893,
,750,,,-88.081654,42.360993,
,751,,,-87.904225,42.401509,
,752,,,-87.963765,42.40331,
,753,,,-87.906607,42.360993,
,754,,,-87.966147,42.361893,
,755,,,-87.832777,42.40421,
,756,,,-87.842303,42.361893,
,757,,,-88.147148,42.297067,
,758,,,-88.023305,42.317775,
,759,,,-88.080463,42.317775,
,760,,,-88.023305,42.271857,
,761,,,-88.080463,42.274558,
,762,,,-87.907797,42.316875,
,763,,,-87.964956,42.315975,
,764,,,-87.906607,42.276358,
,765,,,-87.966147,42.273657,
,766,,,-87.849448,42.316875,
,767,,,-87.842303,42.271857,
,768,,,-88.147148,42.210632,
,769,,,-88.024496,42.23044,
,770,,,-88.080463,42.23134,
,771,,,-88.022114,42.188122,
,772,,,-88.080463,42.185421,
,773,,,-87.905416,42.23044,
,774,,,-87.964956,42.23134,
,775,,,-87.906607,42.189023,
,776,,,-87.964956,42.189023,
,777,,,-87.835159,42.228639,
,778,,,-87.79229,42.189023,
,779,,,-87.849448,42.186322,
,780,,,-88.62585,42.469037,
,781,,,-88.510342,42.468137,
,782,,,-88.397216,42.466336,
,783,,,-88.280518,42.467236,
,784,,,-88.204307,42.469937,
,785,,,-88.62585,42.384402,
,786,,,-88.511533,42.384402,
,787,,,-88.397216,42.384402,
,788,,,-88.251939,42.40241,
,789,,,-88.309097,42.40331,
,790,,,-88.251939,42.361893,
,791,,,-88.309097,42.360993,
,792,,,-88.204307,42.384402,
,793,,,-88.624659,42.298868,
,794,,,-88.511533,42.297967,
,795,,,-88.396025,42.297067,
,796,,,-88.251939,42.317775,
,797,,,-88.311479,42.315975,
,798,,,-88.250748,42.274558,
,799,,,-88.310288,42.270956,
,800,,,-88.204307,42.298868,
,801,,,-88.62585,42.212432,
,802,,,-88.510342,42.212432,
,803,,,-88.396025,42.212432,
,804,,,-88.253129,42.23044,
,805,,,-88.309097,42.229539,
,806,,,-88.251939,42.185421,
,807,,,-88.310288,42.185421,
,808,,,-88.204307,42.210632,
,809,,,-88.161438,41.71453,
,810,,,-88.218596,41.71453,
,811,,,-88.161438,41.670412,
,812,,,-88.217405,41.670412,
,813,,,-88.044739,41.718131,
,814,,,-88.104279,41.71543,
,815,,,-88.043549,41.673113,
,816,,,-88.100707,41.672212,
,817,,,-88.159056,41.627194,
,818,,,-88.215024,41.624493,
,819,,,-88.159056,41.583076,
,820,,,-88.212642,41.583076,
,821,,,-88.041167,41.629895,
,822,,,-88.099516,41.628995,
,823,,,-88.041167,41.586678,
,824,,,-88.098325,41.584877,
,825,,,-87.928041,41.633497,
,826,,,-87.984009,41.632596,
,827,,,-87.92685,41.588478,
,828,,,-87.984009,41.586678,
,829,,,-88.154293,41.539858,
,830,,,-88.211451,41.538058,
,831,,,-88.153102,41.497541,
,832,,,-88.211451,41.495741,
,833,,,-88.039976,41.54346,
,834,,,-88.097135,41.539858,
,835,,,-88.037595,41.498442,
,836,,,-88.094753,41.498442,
,837,,,-87.925659,41.546161,
,838,,,-87.980436,41.54436,
,839,,,-87.923278,41.502043,
,840,,,-87.980436,41.501143,
,841,,,-87.808961,41.547061,
,842,,,-87.866119,41.547061,
,843,,,-87.805389,41.503844,
,844,,,-87.866119,41.503844,
,845,,,-88.178109,41.433615,
,846,,,-88.064983,41.437217,
,847,,,-87.947094,41.438117,
,848,,,-87.830395,41.439017,
,849,,,-87.716079,41.440818,
,850,,,-87.575564,41.460626,
,851,,,-87.631532,41.461527,
,852,,,-87.574373,41.419209,
,853,,,-87.632723,41.419209,
,854,,,-87.529123,41.442619,
,855,,,-88.174537,41.34718,
,856,,,-88.061411,41.349881,
,857,,,-87.944712,41.352582,
,858,,,-87.829205,41.355283,
,859,,,-87.712506,41.356184,
,860,,,-87.600571,41.356184,
,861,,,-87.529123,41.357984,
,862,,,-88.172155,41.259844,
,863,,,-88.056647,41.262546,
,864,,,-88.528204,41.686618,
,865,,,-88.418651,41.694722,
,866,,,-88.301952,41.69022,
,867,,,-88.525823,41.597482,
,868,,,-88.412697,41.603785,
,869,,,-88.295998,41.601083,
,870,,,-88.523441,41.511047,
,871,,,-88.409124,41.511947,
,872,,,-88.293617,41.514648,
,873,,,-88.521059,41.424612,
,874,,,-88.407933,41.424612,
,875,,,-88.294807,41.430914,
,876,,,-88.513915,41.338176,
,877,,,-88.400789,41.332774,
,878,,,-88.290044,41.34628,
,879,,,-88.515105,41.247239,
,880,,,-88.400789,41.24814,
,881,,,-88.286472,41.254442,
,882,,,-88.515105,41.159904,
,883,,,-88.401979,41.161704,
,884,,,-88.28409,41.164406,
,885,,,-87.94114,41.260745,
,886,,,-87.819678,41.260745,
,887,,,-87.707743,41.260745,
,888,,,-87.579137,41.265247,
,889,,,-88.168583,41.167107,
,890,,,-88.054266,41.168907,
,891,,,-87.94114,41.133793,
,892,,,-87.855402,41.181513,
,893,,,-87.705361,41.17521,
,894,,,-87.576755,41.179712,
,895,,,-88.178109,41.061764,
,896,,,-88.055457,41.067166,
,897,,,-87.85183,41.118487,
,898,,,-87.769665,41.096878,
,899,,,-87.906607,41.049159,
,900,,,-87.699407,41.05276,
,901,,,-87.574373,41.075269,
,902,,,-87.468392,41.620891,
,903,,,-87.350503,41.601083,
,904,,,-87.254048,41.564168,
,905,,,-87.455293,41.489438,
,906,,,-87.304062,41.488538,
,907,,,-87.463629,41.405704,
,908,,,-87.354075,41.408405,
,909,,,-87.240949,41.408405,
,910,,,-87.457675,41.27425,
,911,,,-87.365983,41.276951,
,912,,,-87.263575,41.312066,
,913,,,-88.665146,41.905407,
,914,,,-88.76041,42.332181,
,915,,,-88.693725,42.553671,
,916,,,-88.579409,42.553671,
,917,,,-88.466283,42.553671,
,918,,,-88.347203,42.552771,
,919,,,-88.230504,42.552771,
,920,,,-88.118569,42.552771,
,921,,,-88.001871,42.553671,
,922,,,-87.875646,42.553671,
,923,,,-87.944712,42.69773,
,924,,,-88.274564,42.67432,
,925,,,-88.867582,42.251148,
,926,,,-88.758029,41.904507,
,927,,,-88.679436,41.365187,
,928,,,-88.736594,41.118487,
,929,,,-88.518678,41.059063,
,930,,,-87.908988,40.966325,
,931,,,-87.265956,41.155402,
,932,,,-87.130205,41.491239,
,933,,,-87.189745,41.599283,
