[PROCESS INFO] Step 0: reading scenario_index_list.csv
[STATUS INFO] scenario_index=0,scenario_name=,25nb
[STATUS INFO] scenario_index=1,scenario_name=,25s1
[PROCESS INFO] Step 1.1: Reading demand_period.csv...
,demand_period= 1, am,time_period=0700_0800
[PROCESS INFO] Step 1.2: Reading file mode_type.csv...
mode_type =, auto, real time info flag = 0
[PROCESS INFO] Step 1.25: Reading optional activity_travel_pattern.csv...
link_type =, 1, link_type_name = highway
,mode_type= auto,cap= 2000,free_speed=60
link_type =, 2, link_type_name = arterial
,mode_type= auto,cap= 2000,free_speed=60
link_type =, 3, link_type_name = collector
,mode_type= auto,cap= 2000,free_speed=60
link_type =, 100, link_type_name = connector
,mode_type= auto,cap= 2000,free_speed=60
link_type =, 4, link_type_name = bikeonly
,mode_type= auto,cap= 2000,free_speed=60
link_type =, 5, link_type_name = walkonly
,mode_type= auto,cap= 2000,free_speed=60
, number of activity nodes defined in node.csv=, 2
, number of boundary activity nodes defined in node.csv=, 0
[DATA INFO] link penalty! link  1 ->4  in link.csv has1penalty_field_name = penalty_auto_s0of 100
[DATA INFO] link penalty! link  1 ->4  in link.csv has1penalty_field_name = penalty_auto_s1of 100
[PROCESS INFO] Step 1: read network node.csv, link.csv, zone.csv 
,# of nodes = ,6
,# of links =,8
,# of zones =,2
,summary by multi-modal and demand types,demand_period,mode_type,# of links,avg_free_speed_mph,avg_free_speed_kmph,total_length_in_km,total_capacity,avg_lane_capacity,avg_length_in_meter,
,,am,auto,8,60,96.5604,100,28000,3500,12500,
,summary by road link type,link_type,link_type_name,# of links,avg_free_speed_mph,avg_free_speed_kmph,,total_length,total_capacity,avg_lane_capacity,avg_length_in_meter,
,,-1,,0,0,0,0,0,0,0,
,,0,,0,0,0,0,0,0,0,
,,1,highway,4,60,96.5604,40,16000,4000,10000,
,,2,arterial,4,60,96.5604,60,12000,3000,15000,
,,3,collector,0,0,0,0,0,0,0,
,,4,bikeonly,0,0,0,0,0,0,0,
,,5,walkonly,0,0,0,0,0,0,0,
,,100,connector,0,0,0,0,0,0,0,
pre-read demand_file_list.csv.
,first stage scanning
,# of inside zones = 2, total_related_demand = 14000
,# inside_zone_count = 2, total_related_demand_from_internal zones = 14000
,# related_external_zone_count = 0, external related demand = 0
,# related_external_zone_count_with_significant_volume = 0
,second stage cut off, cut off zone = all inside zones + significant external related zones 
,# cut off zone size = 2, total_related_demand_from_external_cutoff  = 0
,cut off volume threshold to determine significance = 0, external origin zones with volume larger than this threadshold will be kept
, remaining external related demand percentage after the cut off  = 0 %
[PROCESS INFO] Step 2.1: read demand, defined in demand_file_list.csv.
[STATUS INFO] reading demand file for scenario index = 0
[STATUS INFO] reading demand file for scenario index = 0
,total demand =, 14000
,from_flag,to_flag,volume
,from_flag,to_flag,volume
FOCUSING internal step 1: Focus-subarea Approach,0=not related, 1=significantly related external but not in cutoff, 2= cut-off external, 3= inside
,0,1,2,3,
0,0,0,0,0
1,0,0,0,0
2,0,0,0,0
3,0,0,0,28000
FOCUSING internal step 2: Origin-based flow extraction,top 10 OD,rank,o,d,inside_flag_o,inside_flag_d,mode_type,departure_time,volume
,,1,1,2,3,3,auto,am,7000
,,2,2,1,3,3,auto,am,7000
,read supply side scenario
, # of records in supply_side_scenario.csv=,0,
, # of SA records in supply_side_scenario.csv=,0,
, # of incident records in supply_side_scenario.csv=,0,
, # of dms records in supply_side_scenario.csv=,0,
[PROCESS INFO]Step 4: Column Generation for Traffic Assignment
,Total number of column generation iterations =, 20
,Total number of column generation iterations =, 20
[DATA INFO] Iteration, CPU Running Time (sec), # of agents, Avg Travel Time(min),  Avg UE gap %
0,0,14000,0,0
1,0,14000,0,0
2,0,14000,48.1367,0
3,0,14000,48.1367,0
4,0,14000,48.1367,0
5,0,14000,48.1367,0
6,0,14000,48.1367,0
7,0,14000,48.1367,0
8,0,14000,48.1367,0
9,0,14000,48.1367,0
10,0,14000,48.1367,0
11,0,14000,48.1367,0
12,0,14000,48.1367,0
13,0,14000,48.1367,0
14,0,14000,48.1367,0
15,0,14000,48.1367,0
16,0,14000,48.1367,0
17,0,14000,48.1367,0
18,0,14000,48.1367,0
19,0,14000,48.1367,0
[PROCESS INFO] Step 5: column pool-based flow updating for traffic assignment 
,# of flow updating iterations=,2
column updating
[DATA INFO] column updating: iteration = 0, avg travel time = 48.1371(min), optimization obj = 0, Relative_gap = 0 %
[DATA INFO] column updating: iteration = 1, avg travel time = 48.1371(min), optimization obj = 0, Relative_gap = 0 %
[PROCESS INFO] Step 7: perform sensitivity analysis if supply_side_scenario.csv is provided for types = SA and DMS. 
[PROCESS INFO] Step 8: traffic simulation if simulation_output = 1 in settings.csv . 
[PROCESS INFO] Step 9: generate zonal hierarchy mapping such as zone to super-zone and zone to district mapping 
Output Link Performance:
,ref_link_vol_count=,0,MAPE=,0%
,VMT=,174021,VKT=,280000
,VHT=,11231.9
,network vehicle speed (MPH) =,15.4935,,network vehicle speed (KPH) =,24.929
,PMT=,174021,PKT=,280000
,PHT=,11231.9
,network person speed (MPH) =,15.4935,,network person speed (KPH) =,24.929
,simple avg link volume=,3500
,simple avg link speed=,42.4645
,simple avg link speed ratio=,0.707742
Output subarea Link Performance:
,ref_link_vol_count=,0,MAPE=,0%
,VMT=,174021,VKT=,280000
,VHT=,11231.9
,network vehicle speed (MPH) =,15.4935,,network vehicle speed (KPH) =,24.929
,PMT=,174021,PKT=,280000
,PHT=,11231.9
,network person speed (MPH) =,15.4935,,network person speed (KPH) =,24.929
,simple avg link volume=,3500
,simple avg link speed=,42.4645
,simple avg link speed ratio=,0.707742
[DATA INFO] Iteration, CPU Running Time (sec), # of agents, Avg Travel Time(min),  Avg UE gap %
0,0,14000,21.7585,0
1,0,14000,0,0
2,0,14000,21.7585,0
3,0,14000,21.7585,0
4,0,14000,21.7585,0
5,0,14000,21.7585,0
6,0,14000,21.7585,0
7,0,14000,21.7585,0
8,0,14000,21.7585,0
9,0,14000,21.7585,0
10,0,14000,21.7585,0
11,0,14000,21.7585,0
12,0,14000,21.7585,0
13,0,14000,21.7585,0
14,0,14000,21.7585,0
15,0,14000,21.7585,0
16,0,14000,21.7585,0
17,0,14000,21.7585,0
18,0,14000,21.7585,0
19,0,14000,21.7585,0
[PROCESS INFO] Step 5: column pool-based flow updating for traffic assignment 
,# of flow updating iterations=,2
column updating
[DATA INFO] column updating: iteration = 0, avg travel time = 21.7589(min), optimization obj = 0, Relative_gap = 0 %
[DATA INFO] column updating: iteration = 1, avg travel time = 21.7589(min), optimization obj = 0, Relative_gap = 0 %
[PROCESS INFO] Step 7: perform sensitivity analysis if supply_side_scenario.csv is provided for types = SA and DMS. 
[PROCESS INFO] Step 8: traffic simulation if simulation_output = 1 in settings.csv . 
[PROCESS INFO] Step 9: generate zonal hierarchy mapping such as zone to super-zone and zone to district mapping 
Output Link Performance:
,ref_link_vol_count=,0,MAPE=,0%
,VMT=,174021,VKT=,280000
,VHT=,5076.99
,network vehicle speed (MPH) =,34.2764,,network vehicle speed (KPH) =,55.1507
,PMT=,174021,PKT=,280000
,PHT=,5076.99
,network person speed (MPH) =,34.2764,,network person speed (KPH) =,55.1507
,simple avg link volume=,3500
,simple avg link speed=,57.5754
,simple avg link speed ratio=,0.95959
Output subarea Link Performance:
,ref_link_vol_count=,0,MAPE=,0%
,VMT=,174021,VKT=,280000
,VHT=,5076.99
,network vehicle speed (MPH) =,34.2764,,network vehicle speed (KPH) =,55.1507
,PMT=,174021,PKT=,280000
,PHT=,5076.99
,network person speed (MPH) =,34.2764,,network person speed (KPH) =,55.1507
,simple avg link volume=,3500
,simple avg link speed=,57.5754
,simple avg link speed ratio=,0.95959
     Check OD connectivity and accessibility in od_performance_summary.csv
, # of connected OD pairs =, 0
, # of OD/mode_type/demand_type columns without paths =, 2
Output Link Performance Summary
Output 2 Way Link Performance Summary
