link_id,link_type,from_node_id,to_node_id,geometry,distance_km,distance_mile,fftt,meso_link_id,tmc,tmc_corridor_name,tmc_corridor_id,tmc_road_order,tmc_road_sequence,subarea_id,lanes_s0,lanes_s1,type_s0,type_s1,penaltys0,penaltys1,Vam_25nb_auto,Vam_25s1_auto,VAB_am_25nb_auto,VAB_am_25s1_auto,VBA_am_25nb_auto,VBA_am_25s1_auto,block,MEUVABam25nbauto,capABam25nbauto,DOCABam25nbauto,TTABam_25nb_auto,MEUVABam25s1auto,capABam25s1auto,DOCABam25s1auto,TTABam_25s1_auto,MEUVBAam25nbauto,capBAam25nbauto,DOCBAam25nbauto,TTBAam_25nb_auto,MEUVBAam25s1auto,capBAam25s1auto,DOCBAam25s1auto,TTBAam_25s1_auto,
3,arterial,1,4,"LINESTRING (0.017882 -0.125179 ,19.688841 -9.692418 )",15.000000,9.322561,15.000000,-1,,network_wide,-1,0,-1,1,1.0,1.0,arterial,arterial,100.0,100.0,0.0,0.0,0.0,0.0,0.0,0.0,,0.0,0.0,0.000,0.000,0.0,0.0,0.000,0.000,0.0,0.000,0.000,0.000,0.0,0.000,0.000,0.000,
4,arterial,4,2,"LINESTRING (19.688841 -9.692418 ,40.253933 0.053648 )",15.000000,9.322561,15.000000,-1,,network_wide,-1,0,-1,1,1.0,1.0,arterial,arterial,0.0,0.0,0.0,0.0,0.0,0.0,0.0,0.0,,0.0,0.0,0.000,0.000,0.0,0.0,0.000,0.000,0.0,0.000,0.000,0.000,0.0,0.000,0.000,0.000,
1,highway,1,3,"LINESTRING (0.017882 -0.125179 ,19.778254 14.806867 )",10.000000,6.215040,10.000000,-1,,network_wide,-1,0,-1,1,1.0,2.0,highway,highway,0.0,0.0,0.0,0.0,0.0,0.0,0.0,0.0,,0.0,0.0,0.000,0.000,0.0,0.0,0.000,0.000,0.0,0.000,0.000,0.000,0.0,0.000,0.000,0.000,
2,highway,3,2,"LINESTRING (19.778254 14.806867 ,40.253933 0.053648 )",10.000000,6.215040,10.000000,-1,,network_wide,-1,0,-1,1,1.0,2.0,highway,highway,0.0,0.0,0.0,0.0,0.0,0.0,0.0,0.0,,0.0,0.0,0.000,0.000,0.0,0.0,0.000,0.000,0.0,0.000,0.000,0.000,0.0,0.000,0.000,0.000,
