link_id,from_node_id,to_node_id,time_period,duration_in_sec,state,state_code
76,382,928,00-1:00.000_00-1:00.000,0,0,w
76,383,929,00-1:00.000_00-1:00.000,0,0,w
76,384,930,00-1:00.000_00-1:00.000,0,0,w
76,388,391,00-1:00.000_00-1:00.000,0,0,w
76,389,390,00-1:00.000_00-1:00.000,0,0,w
76,389,801,00-1:00.000_00-1:00.000,0,0,w
76,390,388,00-1:00.000_00-1:00.000,0,0,w
76,390,925,00-1:00.000_00-1:00.000,0,0,w
76,391,388,00-1:00.000_00-1:00.000,0,0,w
76,391,392,00-1:00.000_00-1:00.000,0,0,w
76,391,709,00-1:00.000_00-1:00.000,0,0,w
76,392,393,00-1:00.000_00-1:00.000,0,0,w
76,392,713,00-1:00.000_00-1:00.000,0,0,w
76,393,394,00-1:00.000_00-1:00.000,0,0,w
76,393,712,00-1:00.000_00-1:00.000,0,0,w
76,393,716,00-1:00.000_00-1:00.000,0,0,w
76,394,584,00-1:00.000_00-1:00.000,0,0,w
76,394,601,00-1:00.000_00-1:00.000,0,0,w
76,395,584,00-1:00.000_00-1:00.000,0,0,w
76,395,600,00-1:00.000_00-1:00.000,0,0,w
76,397,396,00-1:00.000_00-1:00.000,0,0,w
76,397,588,00-1:00.000_00-1:00.000,0,0,w
76,398,397,00-1:00.000_00-1:00.000,0,0,w
76,398,400,00-1:00.000_00-1:00.000,0,0,w
76,399,604,00-1:00.000_00-1:00.000,0,0,w
76,400,398,00-1:00.000_00-1:00.000,0,0,w
76,401,400,00-1:00.000_00-1:00.000,0,0,w
76,402,401,00-1:00.000_00-1:00.000,0,0,w
76,404,403,00-1:00.000_00-1:00.000,0,0,w
76,404,675,00-1:00.000_00-1:00.000,0,0,w
76,405,404,00-1:00.000_00-1:00.000,0,0,w
76,405,406,00-1:00.000_00-1:00.000,0,0,w
76,406,405,00-1:00.000_00-1:00.000,0,0,w
76,406,407,00-1:00.000_00-1:00.000,0,0,w
76,407,406,00-1:00.000_00-1:00.000,0,0,w
76,407,408,00-1:00.000_00-1:00.000,0,0,w
76,408,407,00-1:00.000_00-1:00.000,0,0,w
76,408,409,00-1:00.000_00-1:00.000,0,0,w
76,409,410,00-1:00.000_00-1:00.000,0,0,w
76,410,409,00-1:00.000_00-1:00.000,0,0,w
76,410,411,00-1:00.000_00-1:00.000,0,0,w
76,410,700,00-1:00.000_00-1:00.000,0,0,w
76,411,412,00-1:00.000_00-1:00.000,0,0,w
76,411,695,00-1:00.000_00-1:00.000,0,0,w
76,412,413,00-1:00.000_00-1:00.000,0,0,w
76,413,414,00-1:00.000_00-1:00.000,0,0,w
76,413,734,00-1:00.000_00-1:00.000,0,0,w
76,414,413,00-1:00.000_00-1:00.000,0,0,w
76,414,415,00-1:00.000_00-1:00.000,0,0,w
76,414,735,00-1:00.000_00-1:00.000,0,0,w
76,415,416,00-1:00.000_00-1:00.000,0,0,w
76,416,732,00-1:00.000_00-1:00.000,0,0,w
76,417,926,00-1:00.000_00-1:00.000,0,0,w
76,419,418,00-1:00.000_00-1:00.000,0,0,w
76,419,420,00-1:00.000_00-1:00.000,0,0,w
76,419,739,00-1:00.000_00-1:00.000,0,0,w
76,420,419,00-1:00.000_00-1:00.000,0,0,w
76,420,751,00-1:00.000_00-1:00.000,0,0,w
76,421,753,00-1:00.000_00-1:00.000,0,0,w
76,421,754,00-1:00.000_00-1:00.000,0,0,w
76,422,762,00-1:00.000_00-1:00.000,0,0,w
76,423,764,00-1:00.000_00-1:00.000,0,0,w
76,424,423,00-1:00.000_00-1:00.000,0,0,w
76,424,773,00-1:00.000_00-1:00.000,0,0,w
76,425,424,00-1:00.000_00-1:00.000,0,0,w
76,425,775,00-1:00.000_00-1:00.000,0,0,w
76,426,425,00-1:00.000_00-1:00.000,0,0,w
76,427,426,00-1:00.000_00-1:00.000,0,0,w
76,427,594,00-1:00.000_00-1:00.000,0,0,w
76,429,428,00-1:00.000_00-1:00.000,0,0,w
76,429,778,00-1:00.000_00-1:00.000,0,0,w
76,431,593,00-1:00.000_00-1:00.000,0,0,w
76,432,431,00-1:00.000_00-1:00.000,0,0,w
76,432,595,00-1:00.000_00-1:00.000,0,0,w
76,433,432,00-1:00.000_00-1:00.000,0,0,w
76,433,616,00-1:00.000_00-1:00.000,0,0,w
76,433,617,00-1:00.000_00-1:00.000,0,0,w
76,434,618,00-1:00.000_00-1:00.000,0,0,w
76,435,552,00-1:00.000_00-1:00.000,0,0,w
76,435,554,00-1:00.000_00-1:00.000,0,0,w
76,436,437,00-1:00.000_00-1:00.000,0,0,w
76,437,436,00-1:00.000_00-1:00.000,0,0,w
76,437,438,00-1:00.000_00-1:00.000,0,0,w
76,438,437,00-1:00.000_00-1:00.000,0,0,w
76,438,439,00-1:00.000_00-1:00.000,0,0,w
76,439,438,00-1:00.000_00-1:00.000,0,0,w
76,439,615,00-1:00.000_00-1:00.000,0,0,w
76,440,439,00-1:00.000_00-1:00.000,0,0,w
76,440,441,00-1:00.000_00-1:00.000,0,0,w
76,440,613,00-1:00.000_00-1:00.000,0,0,w
76,441,591,00-1:00.000_00-1:00.000,0,0,w
76,442,443,00-1:00.000_00-1:00.000,0,0,w
76,442,898,00-1:00.000_00-1:00.000,0,0,w
76,442,899,00-1:00.000_00-1:00.000,0,0,w
76,442,929,00-1:00.000_00-1:00.000,0,0,w
76,443,444,00-1:00.000_00-1:00.000,0,0,w
76,443,897,00-1:00.000_00-1:00.000,0,0,w
76,443,898,00-1:00.000_00-1:00.000,0,0,w
76,444,443,00-1:00.000_00-1:00.000,0,0,w
76,444,445,00-1:00.000_00-1:00.000,0,0,w
76,445,444,00-1:00.000_00-1:00.000,0,0,w
76,445,446,00-1:00.000_00-1:00.000,0,0,w
76,445,885,00-1:00.000_00-1:00.000,0,0,w
76,445,886,00-1:00.000_00-1:00.000,0,0,w
76,446,445,00-1:00.000_00-1:00.000,0,0,w
76,446,858,00-1:00.000_00-1:00.000,0,0,w
76,447,446,00-1:00.000_00-1:00.000,0,0,w
76,447,848,00-1:00.000_00-1:00.000,0,0,w
76,447,849,00-1:00.000_00-1:00.000,0,0,w
76,448,447,00-1:00.000_00-1:00.000,0,0,w
76,448,664,00-1:00.000_00-1:00.000,0,0,w
76,448,665,00-1:00.000_00-1:00.000,0,0,w
76,449,448,00-1:00.000_00-1:00.000,0,0,w
76,449,662,00-1:00.000_00-1:00.000,0,0,w
76,449,663,00-1:00.000_00-1:00.000,0,0,w
76,450,449,00-1:00.000_00-1:00.000,0,0,w
76,450,453,00-1:00.000_00-1:00.000,0,0,w
76,451,450,00-1:00.000_00-1:00.000,0,0,w
76,451,654,00-1:00.000_00-1:00.000,0,0,w
76,451,655,00-1:00.000_00-1:00.000,0,0,w
76,452,652,00-1:00.000_00-1:00.000,0,0,w
76,452,654,00-1:00.000_00-1:00.000,0,0,w
76,453,454,00-1:00.000_00-1:00.000,0,0,w
76,453,841,00-1:00.000_00-1:00.000,0,0,w
76,454,455,00-1:00.000_00-1:00.000,0,0,w
76,454,840,00-1:00.000_00-1:00.000,0,0,w
76,455,456,00-1:00.000_00-1:00.000,0,0,w
76,455,833,00-1:00.000_00-1:00.000,0,0,w
76,455,835,00-1:00.000_00-1:00.000,0,0,w
76,456,457,00-1:00.000_00-1:00.000,0,0,w
76,456,834,00-1:00.000_00-1:00.000,0,0,w
76,456,836,00-1:00.000_00-1:00.000,0,0,w
76,457,458,00-1:00.000_00-1:00.000,0,0,w
76,457,831,00-1:00.000_00-1:00.000,0,0,w
76,458,457,00-1:00.000_00-1:00.000,0,0,w
76,458,459,00-1:00.000_00-1:00.000,0,0,w
76,458,468,00-1:00.000_00-1:00.000,0,0,w
76,459,458,00-1:00.000_00-1:00.000,0,0,w
76,459,460,00-1:00.000_00-1:00.000,0,0,w
76,459,832,00-1:00.000_00-1:00.000,0,0,w
76,459,845,00-1:00.000_00-1:00.000,0,0,w
76,460,459,00-1:00.000_00-1:00.000,0,0,w
76,460,461,00-1:00.000_00-1:00.000,0,0,w
76,460,872,00-1:00.000_00-1:00.000,0,0,w
76,460,875,00-1:00.000_00-1:00.000,0,0,w
76,461,460,00-1:00.000_00-1:00.000,0,0,w
76,461,462,00-1:00.000_00-1:00.000,0,0,w
76,461,874,00-1:00.000_00-1:00.000,0,0,w
76,461,877,00-1:00.000_00-1:00.000,0,0,w
76,462,461,00-1:00.000_00-1:00.000,0,0,w
76,462,873,00-1:00.000_00-1:00.000,0,0,w
76,462,927,00-1:00.000_00-1:00.000,0,0,w
76,463,464,00-1:00.000_00-1:00.000,0,0,w
76,463,928,00-1:00.000_00-1:00.000,0,0,w
76,464,883,00-1:00.000_00-1:00.000,0,0,w
76,464,884,00-1:00.000_00-1:00.000,0,0,w
76,465,464,00-1:00.000_00-1:00.000,0,0,w
76,465,862,00-1:00.000_00-1:00.000,0,0,w
76,465,881,00-1:00.000_00-1:00.000,0,0,w
76,466,465,00-1:00.000_00-1:00.000,0,0,w
76,466,467,00-1:00.000_00-1:00.000,0,0,w
76,466,855,00-1:00.000_00-1:00.000,0,0,w
76,466,862,00-1:00.000_00-1:00.000,0,0,w
76,467,466,00-1:00.000_00-1:00.000,0,0,w
76,467,845,00-1:00.000_00-1:00.000,0,0,w
76,467,855,00-1:00.000_00-1:00.000,0,0,w
76,468,458,00-1:00.000_00-1:00.000,0,0,w
76,468,829,00-1:00.000_00-1:00.000,0,0,w
76,468,830,00-1:00.000_00-1:00.000,0,0,w
76,469,819,00-1:00.000_00-1:00.000,0,0,w
76,469,824,00-1:00.000_00-1:00.000,0,0,w
76,470,469,00-1:00.000_00-1:00.000,0,0,w
76,470,471,00-1:00.000_00-1:00.000,0,0,w
76,470,817,00-1:00.000_00-1:00.000,0,0,w
76,471,815,00-1:00.000_00-1:00.000,0,0,w
76,471,816,00-1:00.000_00-1:00.000,0,0,w
76,472,471,00-1:00.000_00-1:00.000,0,0,w
76,472,813,00-1:00.000_00-1:00.000,0,0,w
76,472,815,00-1:00.000_00-1:00.000,0,0,w
76,473,475,00-1:00.000_00-1:00.000,0,0,w
76,473,707,00-1:00.000_00-1:00.000,0,0,w
76,473,813,00-1:00.000_00-1:00.000,0,0,w
76,474,701,00-1:00.000_00-1:00.000,0,0,w
76,475,473,00-1:00.000_00-1:00.000,0,0,w
76,475,706,00-1:00.000_00-1:00.000,0,0,w
76,475,707,00-1:00.000_00-1:00.000,0,0,w
76,476,705,00-1:00.000_00-1:00.000,0,0,w
76,476,707,00-1:00.000_00-1:00.000,0,0,w
76,477,503,00-1:00.000_00-1:00.000,0,0,w
76,478,633,00-1:00.000_00-1:00.000,0,0,w
76,478,703,00-1:00.000_00-1:00.000,0,0,w
76,479,629,00-1:00.000_00-1:00.000,0,0,w
76,480,483,00-1:00.000_00-1:00.000,0,0,w
76,480,486,00-1:00.000_00-1:00.000,0,0,w
76,481,480,00-1:00.000_00-1:00.000,0,0,w
76,481,482,00-1:00.000_00-1:00.000,0,0,w
76,482,481,00-1:00.000_00-1:00.000,0,0,w
76,483,481,00-1:00.000_00-1:00.000,0,0,w
76,483,539,00-1:00.000_00-1:00.000,0,0,w
76,484,627,00-1:00.000_00-1:00.000,0,0,w
76,484,629,00-1:00.000_00-1:00.000,0,0,w
76,485,626,00-1:00.000_00-1:00.000,0,0,w
76,485,628,00-1:00.000_00-1:00.000,0,0,w
76,486,627,00-1:00.000_00-1:00.000,0,0,w
76,487,682,00-1:00.000_00-1:00.000,0,0,w
76,488,680,00-1:00.000_00-1:00.000,0,0,w
76,488,682,00-1:00.000_00-1:00.000,0,0,w
76,489,630,00-1:00.000_00-1:00.000,0,0,w
76,489,631,00-1:00.000_00-1:00.000,0,0,w
76,490,557,00-1:00.000_00-1:00.000,0,0,w
76,490,631,00-1:00.000_00-1:00.000,0,0,w
76,491,558,00-1:00.000_00-1:00.000,0,0,w
76,491,559,00-1:00.000_00-1:00.000,0,0,w
76,492,561,00-1:00.000_00-1:00.000,0,0,w
76,492,562,00-1:00.000_00-1:00.000,0,0,w
76,493,497,00-1:00.000_00-1:00.000,0,0,w
76,493,564,00-1:00.000_00-1:00.000,0,0,w
76,494,493,00-1:00.000_00-1:00.000,0,0,w
76,494,563,00-1:00.000_00-1:00.000,0,0,w
76,495,494,00-1:00.000_00-1:00.000,0,0,w
76,495,496,00-1:00.000_00-1:00.000,0,0,w
76,495,560,00-1:00.000_00-1:00.000,0,0,w
76,496,553,00-1:00.000_00-1:00.000,0,0,w
76,496,556,00-1:00.000_00-1:00.000,0,0,w
76,497,493,00-1:00.000_00-1:00.000,0,0,w
76,497,498,00-1:00.000_00-1:00.000,0,0,w
76,498,499,00-1:00.000_00-1:00.000,0,0,w
76,499,567,00-1:00.000_00-1:00.000,0,0,w
76,499,569,00-1:00.000_00-1:00.000,0,0,w
76,500,501,00-1:00.000_00-1:00.000,0,0,w
76,500,570,00-1:00.000_00-1:00.000,0,0,w
76,501,502,00-1:00.000_00-1:00.000,0,0,w
76,501,636,00-1:00.000_00-1:00.000,0,0,w
76,502,501,00-1:00.000_00-1:00.000,0,0,w
76,502,503,00-1:00.000_00-1:00.000,0,0,w
76,502,634,00-1:00.000_00-1:00.000,0,0,w
76,503,504,00-1:00.000_00-1:00.000,0,0,w
76,504,477,00-1:00.000_00-1:00.000,0,0,w
76,504,503,00-1:00.000_00-1:00.000,0,0,w
76,504,505,00-1:00.000_00-1:00.000,0,0,w
76,505,504,00-1:00.000_00-1:00.000,0,0,w
76,505,506,00-1:00.000_00-1:00.000,0,0,w
76,505,639,00-1:00.000_00-1:00.000,0,0,w
76,506,507,00-1:00.000_00-1:00.000,0,0,w
76,506,639,00-1:00.000_00-1:00.000,0,0,w
76,507,506,00-1:00.000_00-1:00.000,0,0,w
76,507,508,00-1:00.000_00-1:00.000,0,0,w
76,507,578,00-1:00.000_00-1:00.000,0,0,w
76,507,646,00-1:00.000_00-1:00.000,0,0,w
76,508,450,00-1:00.000_00-1:00.000,0,0,w
76,508,509,00-1:00.000_00-1:00.000,0,0,w
76,509,508,00-1:00.000_00-1:00.000,0,0,w
76,509,510,00-1:00.000_00-1:00.000,0,0,w
76,509,659,00-1:00.000_00-1:00.000,0,0,w
76,509,667,00-1:00.000_00-1:00.000,0,0,w
76,510,509,00-1:00.000_00-1:00.000,0,0,w
76,510,511,00-1:00.000_00-1:00.000,0,0,w
76,510,658,00-1:00.000_00-1:00.000,0,0,w
76,510,666,00-1:00.000_00-1:00.000,0,0,w
76,511,521,00-1:00.000_00-1:00.000,0,0,w
76,511,522,00-1:00.000_00-1:00.000,0,0,w
76,512,511,00-1:00.000_00-1:00.000,0,0,w
76,512,661,00-1:00.000_00-1:00.000,0,0,w
76,512,670,00-1:00.000_00-1:00.000,0,0,w
76,513,514,00-1:00.000_00-1:00.000,0,0,w
76,513,902,00-1:00.000_00-1:00.000,0,0,w
76,513,905,00-1:00.000_00-1:00.000,0,0,w
76,514,515,00-1:00.000_00-1:00.000,0,0,w
76,514,903,00-1:00.000_00-1:00.000,0,0,w
76,514,905,00-1:00.000_00-1:00.000,0,0,w
76,515,544,00-1:00.000_00-1:00.000,0,0,w
76,515,932,00-1:00.000_00-1:00.000,0,0,w
76,516,517,00-1:00.000_00-1:00.000,0,0,w
76,516,906,00-1:00.000_00-1:00.000,0,0,w
76,517,518,00-1:00.000_00-1:00.000,0,0,w
76,518,517,00-1:00.000_00-1:00.000,0,0,w
76,518,911,00-1:00.000_00-1:00.000,0,0,w
76,518,930,00-1:00.000_00-1:00.000,0,0,w
76,519,668,00-1:00.000_00-1:00.000,0,0,w
76,519,670,00-1:00.000_00-1:00.000,0,0,w
76,520,519,00-1:00.000_00-1:00.000,0,0,w
76,521,519,00-1:00.000_00-1:00.000,0,0,w
76,521,670,00-1:00.000_00-1:00.000,0,0,w
76,522,511,00-1:00.000_00-1:00.000,0,0,w
76,523,522,00-1:00.000_00-1:00.000,0,0,w
76,523,545,00-1:00.000_00-1:00.000,0,0,w
76,524,525,00-1:00.000_00-1:00.000,0,0,w
76,524,545,00-1:00.000_00-1:00.000,0,0,w
76,524,578,00-1:00.000_00-1:00.000,0,0,w
76,524,647,00-1:00.000_00-1:00.000,0,0,w
76,525,452,00-1:00.000_00-1:00.000,0,0,w
76,525,652,00-1:00.000_00-1:00.000,0,0,w
76,525,657,00-1:00.000_00-1:00.000,0,0,w
76,526,527,00-1:00.000_00-1:00.000,0,0,w
76,526,541,00-1:00.000_00-1:00.000,0,0,w
76,526,546,00-1:00.000_00-1:00.000,0,0,w
76,527,542,00-1:00.000_00-1:00.000,0,0,w
76,527,546,00-1:00.000_00-1:00.000,0,0,w
76,528,526,00-1:00.000_00-1:00.000,0,0,w
76,528,573,00-1:00.000_00-1:00.000,0,0,w
76,528,575,00-1:00.000_00-1:00.000,0,0,w
76,529,528,00-1:00.000_00-1:00.000,0,0,w
76,530,523,00-1:00.000_00-1:00.000,0,0,w
76,530,575,00-1:00.000_00-1:00.000,0,0,w
76,530,577,00-1:00.000_00-1:00.000,0,0,w
76,531,529,00-1:00.000_00-1:00.000,0,0,w
76,531,573,00-1:00.000_00-1:00.000,0,0,w
76,532,531,00-1:00.000_00-1:00.000,0,0,w
76,532,569,00-1:00.000_00-1:00.000,0,0,w
76,532,574,00-1:00.000_00-1:00.000,0,0,w
76,533,498,00-1:00.000_00-1:00.000,0,0,w
76,533,532,00-1:00.000_00-1:00.000,0,0,w
76,533,569,00-1:00.000_00-1:00.000,0,0,w
76,535,438,00-1:00.000_00-1:00.000,0,0,w
76,535,486,00-1:00.000_00-1:00.000,0,0,w
76,536,537,00-1:00.000_00-1:00.000,0,0,w
76,537,399,00-1:00.000_00-1:00.000,0,0,w
76,537,608,00-1:00.000_00-1:00.000,0,0,w
76,538,409,00-1:00.000_00-1:00.000,0,0,w
76,538,474,00-1:00.000_00-1:00.000,0,0,w
76,538,704,00-1:00.000_00-1:00.000,0,0,w
76,539,409,00-1:00.000_00-1:00.000,0,0,w
76,539,694,00-1:00.000_00-1:00.000,0,0,w
76,539,704,00-1:00.000_00-1:00.000,0,0,w
76,541,526,00-1:00.000_00-1:00.000,0,0,w
76,541,582,00-1:00.000_00-1:00.000,0,0,w
76,541,902,00-1:00.000_00-1:00.000,0,0,w
76,542,902,00-1:00.000_00-1:00.000,0,0,w
76,543,527,00-1:00.000_00-1:00.000,0,0,w
76,543,534,00-1:00.000_00-1:00.000,0,0,w
76,543,903,00-1:00.000_00-1:00.000,0,0,w
76,544,903,00-1:00.000_00-1:00.000,0,0,w
76,544,904,00-1:00.000_00-1:00.000,0,0,w
76,545,577,00-1:00.000_00-1:00.000,0,0,w
76,545,580,00-1:00.000_00-1:00.000,0,0,w
76,546,526,00-1:00.000_00-1:00.000,0,0,w
76,546,527,00-1:00.000_00-1:00.000,0,0,w
76,547,621,00-1:00.000_00-1:00.000,0,0,w
76,548,552,00-1:00.000_00-1:00.000,0,0,w
76,549,547,00-1:00.000_00-1:00.000,0,0,w
76,550,548,00-1:00.000_00-1:00.000,0,0,w
76,550,551,00-1:00.000_00-1:00.000,0,0,w
76,550,552,00-1:00.000_00-1:00.000,0,0,w
76,551,495,00-1:00.000_00-1:00.000,0,0,w
76,551,550,00-1:00.000_00-1:00.000,0,0,w
76,552,553,00-1:00.000_00-1:00.000,0,0,w
76,552,619,00-1:00.000_00-1:00.000,0,0,w
76,553,552,00-1:00.000_00-1:00.000,0,0,w
76,553,560,00-1:00.000_00-1:00.000,0,0,w
76,554,437,00-1:00.000_00-1:00.000,0,0,w
76,554,622,00-1:00.000_00-1:00.000,0,0,w
76,555,9,00-1:00.000_00-1:00.000,0,0,w
76,555,622,00-1:00.000_00-1:00.000,0,0,w
76,555,624,00-1:00.000_00-1:00.000,0,0,w
76,555,625,00-1:00.000_00-1:00.000,0,0,w
76,556,555,00-1:00.000_00-1:00.000,0,0,w
76,556,557,00-1:00.000_00-1:00.000,0,0,w
76,556,624,00-1:00.000_00-1:00.000,0,0,w
76,557,490,00-1:00.000_00-1:00.000,0,0,w
76,557,558,00-1:00.000_00-1:00.000,0,0,w
76,557,559,00-1:00.000_00-1:00.000,0,0,w
76,557,630,00-1:00.000_00-1:00.000,0,0,w
76,558,12,00-1:00.000_00-1:00.000,0,0,w
76,558,491,00-1:00.000_00-1:00.000,0,0,w
76,558,561,00-1:00.000_00-1:00.000,0,0,w
76,559,13,00-1:00.000_00-1:00.000,0,0,w
76,559,491,00-1:00.000_00-1:00.000,0,0,w
76,559,566,00-1:00.000_00-1:00.000,0,0,w
76,560,495,00-1:00.000_00-1:00.000,0,0,w
76,560,553,00-1:00.000_00-1:00.000,0,0,w
76,561,492,00-1:00.000_00-1:00.000,0,0,w
76,562,492,00-1:00.000_00-1:00.000,0,0,w
76,562,493,00-1:00.000_00-1:00.000,0,0,w
76,562,567,00-1:00.000_00-1:00.000,0,0,w
76,563,494,00-1:00.000_00-1:00.000,0,0,w
76,563,562,00-1:00.000_00-1:00.000,0,0,w
76,564,18,00-1:00.000_00-1:00.000,0,0,w
76,564,493,00-1:00.000_00-1:00.000,0,0,w
76,564,565,00-1:00.000_00-1:00.000,0,0,w
76,565,564,00-1:00.000_00-1:00.000,0,0,w
76,565,568,00-1:00.000_00-1:00.000,0,0,w
76,566,500,00-1:00.000_00-1:00.000,0,0,w
76,566,567,00-1:00.000_00-1:00.000,0,0,w
76,566,631,00-1:00.000_00-1:00.000,0,0,w
76,567,499,00-1:00.000_00-1:00.000,0,0,w
76,567,566,00-1:00.000_00-1:00.000,0,0,w
76,568,574,00-1:00.000_00-1:00.000,0,0,w
76,569,499,00-1:00.000_00-1:00.000,0,0,w
76,569,532,00-1:00.000_00-1:00.000,0,0,w
76,569,565,00-1:00.000_00-1:00.000,0,0,w
76,569,570,00-1:00.000_00-1:00.000,0,0,w
76,569,572,00-1:00.000_00-1:00.000,0,0,w
76,570,500,00-1:00.000_00-1:00.000,0,0,w
76,570,569,00-1:00.000_00-1:00.000,0,0,w
76,570,571,00-1:00.000_00-1:00.000,0,0,w
76,571,25,00-1:00.000_00-1:00.000,0,0,w
76,571,501,00-1:00.000_00-1:00.000,0,0,w
76,571,570,00-1:00.000_00-1:00.000,0,0,w
76,571,572,00-1:00.000_00-1:00.000,0,0,w
76,571,631,00-1:00.000_00-1:00.000,0,0,w
76,571,632,00-1:00.000_00-1:00.000,0,0,w
76,571,634,00-1:00.000_00-1:00.000,0,0,w
76,572,569,00-1:00.000_00-1:00.000,0,0,w
76,572,570,00-1:00.000_00-1:00.000,0,0,w
76,572,571,00-1:00.000_00-1:00.000,0,0,w
76,573,569,00-1:00.000_00-1:00.000,0,0,w
76,573,572,00-1:00.000_00-1:00.000,0,0,w
76,574,28,00-1:00.000_00-1:00.000,0,0,w
76,574,531,00-1:00.000_00-1:00.000,0,0,w
76,574,575,00-1:00.000_00-1:00.000,0,0,w
76,575,528,00-1:00.000_00-1:00.000,0,0,w
76,575,530,00-1:00.000_00-1:00.000,0,0,w
76,575,580,00-1:00.000_00-1:00.000,0,0,w
76,576,572,00-1:00.000_00-1:00.000,0,0,w
76,576,577,00-1:00.000_00-1:00.000,0,0,w
76,576,578,00-1:00.000_00-1:00.000,0,0,w
76,576,643,00-1:00.000_00-1:00.000,0,0,w
76,577,530,00-1:00.000_00-1:00.000,0,0,w
76,577,545,00-1:00.000_00-1:00.000,0,0,w
76,577,576,00-1:00.000_00-1:00.000,0,0,w
76,577,578,00-1:00.000_00-1:00.000,0,0,w
76,578,507,00-1:00.000_00-1:00.000,0,0,w
76,578,524,00-1:00.000_00-1:00.000,0,0,w
76,578,577,00-1:00.000_00-1:00.000,0,0,w
76,578,579,00-1:00.000_00-1:00.000,0,0,w
76,578,580,00-1:00.000_00-1:00.000,0,0,w
76,578,643,00-1:00.000_00-1:00.000,0,0,w
76,578,645,00-1:00.000_00-1:00.000,0,0,w
76,579,33,00-1:00.000_00-1:00.000,0,0,w
76,579,580,00-1:00.000_00-1:00.000,0,0,w
76,579,582,00-1:00.000_00-1:00.000,0,0,w
76,579,647,00-1:00.000_00-1:00.000,0,0,w
76,579,656,00-1:00.000_00-1:00.000,0,0,w
76,580,545,00-1:00.000_00-1:00.000,0,0,w
76,580,575,00-1:00.000_00-1:00.000,0,0,w
76,580,578,00-1:00.000_00-1:00.000,0,0,w
76,580,581,00-1:00.000_00-1:00.000,0,0,w
76,580,582,00-1:00.000_00-1:00.000,0,0,w
76,581,35,00-1:00.000_00-1:00.000,0,0,w
76,581,580,00-1:00.000_00-1:00.000,0,0,w
76,581,582,00-1:00.000_00-1:00.000,0,0,w
76,582,36,00-1:00.000_00-1:00.000,0,0,w
76,582,541,00-1:00.000_00-1:00.000,0,0,w
76,582,580,00-1:00.000_00-1:00.000,0,0,w
76,582,581,00-1:00.000_00-1:00.000,0,0,w
76,582,660,00-1:00.000_00-1:00.000,0,0,w
76,584,588,00-1:00.000_00-1:00.000,0,0,w
76,584,605,00-1:00.000_00-1:00.000,0,0,w
76,584,710,00-1:00.000_00-1:00.000,0,0,w
76,584,808,00-1:00.000_00-1:00.000,0,0,w
76,585,586,00-1:00.000_00-1:00.000,0,0,w
76,585,771,00-1:00.000_00-1:00.000,0,0,w
76,586,588,00-1:00.000_00-1:00.000,0,0,w
76,586,772,00-1:00.000_00-1:00.000,0,0,w
76,587,585,00-1:00.000_00-1:00.000,0,0,w
76,587,604,00-1:00.000_00-1:00.000,0,0,w
76,588,584,00-1:00.000_00-1:00.000,0,0,w
76,589,43,00-1:00.000_00-1:00.000,0,0,w
76,590,776,00-1:00.000_00-1:00.000,0,0,w
76,591,589,00-1:00.000_00-1:00.000,0,0,w
76,592,46,00-1:00.000_00-1:00.000,0,0,w
76,592,608,00-1:00.000_00-1:00.000,0,0,w
76,592,609,00-1:00.000_00-1:00.000,0,0,w
76,594,48,00-1:00.000_00-1:00.000,0,0,w
76,595,593,00-1:00.000_00-1:00.000,0,0,w
76,596,50,00-1:00.000_00-1:00.000,0,0,w
76,596,612,00-1:00.000_00-1:00.000,0,0,w
76,597,778,00-1:00.000_00-1:00.000,0,0,w
76,598,620,00-1:00.000_00-1:00.000,0,0,w
76,599,53,00-1:00.000_00-1:00.000,0,0,w
76,599,616,00-1:00.000_00-1:00.000,0,0,w
76,599,617,00-1:00.000_00-1:00.000,0,0,w
76,601,55,00-1:00.000_00-1:00.000,0,0,w
76,601,600,00-1:00.000_00-1:00.000,0,0,w
76,601,603,00-1:00.000_00-1:00.000,0,0,w
76,602,671,00-1:00.000_00-1:00.000,0,0,w
76,603,602,00-1:00.000_00-1:00.000,0,0,w
76,604,587,00-1:00.000_00-1:00.000,0,0,w
76,604,605,00-1:00.000_00-1:00.000,0,0,w
76,605,607,00-1:00.000_00-1:00.000,0,0,w
76,606,60,00-1:00.000_00-1:00.000,0,0,w
76,606,604,00-1:00.000_00-1:00.000,0,0,w
76,606,607,00-1:00.000_00-1:00.000,0,0,w
76,607,606,00-1:00.000_00-1:00.000,0,0,w
76,607,676,00-1:00.000_00-1:00.000,0,0,w
76,608,62,00-1:00.000_00-1:00.000,0,0,w
76,608,591,00-1:00.000_00-1:00.000,0,0,w
76,608,592,00-1:00.000_00-1:00.000,0,0,w
76,609,63,00-1:00.000_00-1:00.000,0,0,w
76,609,400,00-1:00.000_00-1:00.000,0,0,w
76,609,611,00-1:00.000_00-1:00.000,0,0,w
76,610,537,00-1:00.000_00-1:00.000,0,0,w
76,610,679,00-1:00.000_00-1:00.000,0,0,w
76,611,65,00-1:00.000_00-1:00.000,0,0,w
76,611,680,00-1:00.000_00-1:00.000,0,0,w
76,613,67,00-1:00.000_00-1:00.000,0,0,w
76,613,591,00-1:00.000_00-1:00.000,0,0,w
76,614,68,00-1:00.000_00-1:00.000,0,0,w
76,614,612,00-1:00.000_00-1:00.000,0,0,w
76,614,622,00-1:00.000_00-1:00.000,0,0,w
76,615,439,00-1:00.000_00-1:00.000,0,0,w
76,615,536,00-1:00.000_00-1:00.000,0,0,w
76,615,610,00-1:00.000_00-1:00.000,0,0,w
76,615,613,00-1:00.000_00-1:00.000,0,0,w
76,616,70,00-1:00.000_00-1:00.000,0,0,w
76,616,620,00-1:00.000_00-1:00.000,0,0,w
76,617,71,00-1:00.000_00-1:00.000,0,0,w
76,617,595,00-1:00.000_00-1:00.000,0,0,w
76,618,72,00-1:00.000_00-1:00.000,0,0,w
76,618,552,00-1:00.000_00-1:00.000,0,0,w
76,618,616,00-1:00.000_00-1:00.000,0,0,w
76,619,73,00-1:00.000_00-1:00.000,0,0,w
76,619,554,00-1:00.000_00-1:00.000,0,0,w
76,621,75,00-1:00.000_00-1:00.000,0,0,w
76,621,618,00-1:00.000_00-1:00.000,0,0,w
76,622,540,00-1:00.000_00-1:00.000,0,0,w
76,622,555,00-1:00.000_00-1:00.000,0,0,w
76,622,614,00-1:00.000_00-1:00.000,0,0,w
76,622,623,00-1:00.000_00-1:00.000,0,0,w
76,623,622,00-1:00.000_00-1:00.000,0,0,w
76,623,624,00-1:00.000_00-1:00.000,0,0,w
76,623,627,00-1:00.000_00-1:00.000,0,0,w
76,624,78,00-1:00.000_00-1:00.000,0,0,w
76,624,555,00-1:00.000_00-1:00.000,0,0,w
76,624,557,00-1:00.000_00-1:00.000,0,0,w
76,624,623,00-1:00.000_00-1:00.000,0,0,w
76,624,626,00-1:00.000_00-1:00.000,0,0,w
76,625,622,00-1:00.000_00-1:00.000,0,0,w
76,626,627,00-1:00.000_00-1:00.000,0,0,w
76,627,626,00-1:00.000_00-1:00.000,0,0,w
76,628,629,00-1:00.000_00-1:00.000,0,0,w
76,628,632,00-1:00.000_00-1:00.000,0,0,w
76,629,628,00-1:00.000_00-1:00.000,0,0,w
76,629,633,00-1:00.000_00-1:00.000,0,0,w
76,630,489,00-1:00.000_00-1:00.000,0,0,w
76,631,490,00-1:00.000_00-1:00.000,0,0,w
76,631,559,00-1:00.000_00-1:00.000,0,0,w
76,631,566,00-1:00.000_00-1:00.000,0,0,w
76,631,571,00-1:00.000_00-1:00.000,0,0,w
76,632,86,00-1:00.000_00-1:00.000,0,0,w
76,632,502,00-1:00.000_00-1:00.000,0,0,w
76,632,633,00-1:00.000_00-1:00.000,0,0,w
76,633,632,00-1:00.000_00-1:00.000,0,0,w
76,634,88,00-1:00.000_00-1:00.000,0,0,w
76,634,505,00-1:00.000_00-1:00.000,0,0,w
76,634,635,00-1:00.000_00-1:00.000,0,0,w
76,635,89,00-1:00.000_00-1:00.000,0,0,w
76,635,504,00-1:00.000_00-1:00.000,0,0,w
76,635,634,00-1:00.000_00-1:00.000,0,0,w
76,635,640,00-1:00.000_00-1:00.000,0,0,w
76,636,90,00-1:00.000_00-1:00.000,0,0,w
76,636,501,00-1:00.000_00-1:00.000,0,0,w
76,637,571,00-1:00.000_00-1:00.000,0,0,w
76,637,572,00-1:00.000_00-1:00.000,0,0,w
76,637,576,00-1:00.000_00-1:00.000,0,0,w
76,637,644,00-1:00.000_00-1:00.000,0,0,w
76,638,640,00-1:00.000_00-1:00.000,0,0,w
76,638,642,00-1:00.000_00-1:00.000,0,0,w
76,638,815,00-1:00.000_00-1:00.000,0,0,w
76,639,506,00-1:00.000_00-1:00.000,0,0,w
76,639,640,00-1:00.000_00-1:00.000,0,0,w
76,640,638,00-1:00.000_00-1:00.000,0,0,w
76,640,642,00-1:00.000_00-1:00.000,0,0,w
76,641,642,00-1:00.000_00-1:00.000,0,0,w
76,641,648,00-1:00.000_00-1:00.000,0,0,w
76,642,640,00-1:00.000_00-1:00.000,0,0,w
76,642,641,00-1:00.000_00-1:00.000,0,0,w
76,642,649,00-1:00.000_00-1:00.000,0,0,w
76,643,578,00-1:00.000_00-1:00.000,0,0,w
76,644,643,00-1:00.000_00-1:00.000,0,0,w
76,645,578,00-1:00.000_00-1:00.000,0,0,w
76,645,646,00-1:00.000_00-1:00.000,0,0,w
76,645,647,00-1:00.000_00-1:00.000,0,0,w
76,645,652,00-1:00.000_00-1:00.000,0,0,w
76,646,100,00-1:00.000_00-1:00.000,0,0,w
76,646,641,00-1:00.000_00-1:00.000,0,0,w
76,646,645,00-1:00.000_00-1:00.000,0,0,w
76,646,653,00-1:00.000_00-1:00.000,0,0,w
76,647,579,00-1:00.000_00-1:00.000,0,0,w
76,647,645,00-1:00.000_00-1:00.000,0,0,w
76,647,657,00-1:00.000_00-1:00.000,0,0,w
76,648,102,00-1:00.000_00-1:00.000,0,0,w
76,648,649,00-1:00.000_00-1:00.000,0,0,w
76,649,103,00-1:00.000_00-1:00.000,0,0,w
76,649,642,00-1:00.000_00-1:00.000,0,0,w
76,649,648,00-1:00.000_00-1:00.000,0,0,w
76,649,651,00-1:00.000_00-1:00.000,0,0,w
76,650,651,00-1:00.000_00-1:00.000,0,0,w
76,650,655,00-1:00.000_00-1:00.000,0,0,w
76,651,105,00-1:00.000_00-1:00.000,0,0,w
76,651,650,00-1:00.000_00-1:00.000,0,0,w
76,651,827,00-1:00.000_00-1:00.000,0,0,w
76,652,452,00-1:00.000_00-1:00.000,0,0,w
76,652,645,00-1:00.000_00-1:00.000,0,0,w
76,652,653,00-1:00.000_00-1:00.000,0,0,w
76,653,107,00-1:00.000_00-1:00.000,0,0,w
76,653,648,00-1:00.000_00-1:00.000,0,0,w
76,653,655,00-1:00.000_00-1:00.000,0,0,w
76,654,452,00-1:00.000_00-1:00.000,0,0,w
76,654,659,00-1:00.000_00-1:00.000,0,0,w
76,654,662,00-1:00.000_00-1:00.000,0,0,w
76,655,653,00-1:00.000_00-1:00.000,0,0,w
76,655,663,00-1:00.000_00-1:00.000,0,0,w
76,656,579,00-1:00.000_00-1:00.000,0,0,w
76,656,657,00-1:00.000_00-1:00.000,0,0,w
76,656,658,00-1:00.000_00-1:00.000,0,0,w
76,657,111,00-1:00.000_00-1:00.000,0,0,w
76,657,525,00-1:00.000_00-1:00.000,0,0,w
76,657,647,00-1:00.000_00-1:00.000,0,0,w
76,657,656,00-1:00.000_00-1:00.000,0,0,w
76,657,659,00-1:00.000_00-1:00.000,0,0,w
76,658,112,00-1:00.000_00-1:00.000,0,0,w
76,658,659,00-1:00.000_00-1:00.000,0,0,w
76,658,661,00-1:00.000_00-1:00.000,0,0,w
76,659,113,00-1:00.000_00-1:00.000,0,0,w
76,659,509,00-1:00.000_00-1:00.000,0,0,w
76,659,654,00-1:00.000_00-1:00.000,0,0,w
76,659,657,00-1:00.000_00-1:00.000,0,0,w
76,659,658,00-1:00.000_00-1:00.000,0,0,w
76,660,114,00-1:00.000_00-1:00.000,0,0,w
76,660,656,00-1:00.000_00-1:00.000,0,0,w
76,660,661,00-1:00.000_00-1:00.000,0,0,w
76,661,512,00-1:00.000_00-1:00.000,0,0,w
76,661,660,00-1:00.000_00-1:00.000,0,0,w
76,661,902,00-1:00.000_00-1:00.000,0,0,w
76,662,116,00-1:00.000_00-1:00.000,0,0,w
76,662,654,00-1:00.000_00-1:00.000,0,0,w
76,662,664,00-1:00.000_00-1:00.000,0,0,w
76,662,667,00-1:00.000_00-1:00.000,0,0,w
76,663,117,00-1:00.000_00-1:00.000,0,0,w
76,663,655,00-1:00.000_00-1:00.000,0,0,w
76,663,665,00-1:00.000_00-1:00.000,0,0,w
76,664,118,00-1:00.000_00-1:00.000,0,0,w
76,664,448,00-1:00.000_00-1:00.000,0,0,w
76,664,669,00-1:00.000_00-1:00.000,0,0,w
76,664,849,00-1:00.000_00-1:00.000,0,0,w
76,665,663,00-1:00.000_00-1:00.000,0,0,w
76,665,843,00-1:00.000_00-1:00.000,0,0,w
76,666,120,00-1:00.000_00-1:00.000,0,0,w
76,666,521,00-1:00.000_00-1:00.000,0,0,w
76,666,667,00-1:00.000_00-1:00.000,0,0,w
76,666,668,00-1:00.000_00-1:00.000,0,0,w
76,667,121,00-1:00.000_00-1:00.000,0,0,w
76,667,509,00-1:00.000_00-1:00.000,0,0,w
76,667,662,00-1:00.000_00-1:00.000,0,0,w
76,667,669,00-1:00.000_00-1:00.000,0,0,w
76,668,122,00-1:00.000_00-1:00.000,0,0,w
76,668,666,00-1:00.000_00-1:00.000,0,0,w
76,668,669,00-1:00.000_00-1:00.000,0,0,w
76,668,850,00-1:00.000_00-1:00.000,0,0,w
76,669,123,00-1:00.000_00-1:00.000,0,0,w
76,669,664,00-1:00.000_00-1:00.000,0,0,w
76,669,668,00-1:00.000_00-1:00.000,0,0,w
76,669,851,00-1:00.000_00-1:00.000,0,0,w
76,670,519,00-1:00.000_00-1:00.000,0,0,w
76,670,521,00-1:00.000_00-1:00.000,0,0,w
76,670,854,00-1:00.000_00-1:00.000,0,0,w
76,670,905,00-1:00.000_00-1:00.000,0,0,w
76,671,125,00-1:00.000_00-1:00.000,0,0,w
76,671,672,00-1:00.000_00-1:00.000,0,0,w
76,671,673,00-1:00.000_00-1:00.000,0,0,w
76,671,676,00-1:00.000_00-1:00.000,0,0,w
76,672,126,00-1:00.000_00-1:00.000,0,0,w
76,672,671,00-1:00.000_00-1:00.000,0,0,w
76,672,674,00-1:00.000_00-1:00.000,0,0,w
76,673,127,00-1:00.000_00-1:00.000,0,0,w
76,673,674,00-1:00.000_00-1:00.000,0,0,w
76,673,683,00-1:00.000_00-1:00.000,0,0,w
76,674,128,00-1:00.000_00-1:00.000,0,0,w
76,674,673,00-1:00.000_00-1:00.000,0,0,w
76,674,684,00-1:00.000_00-1:00.000,0,0,w
76,675,606,00-1:00.000_00-1:00.000,0,0,w
76,675,676,00-1:00.000_00-1:00.000,0,0,w
76,676,678,00-1:00.000_00-1:00.000,0,0,w
76,677,675,00-1:00.000_00-1:00.000,0,0,w
76,677,678,00-1:00.000_00-1:00.000,0,0,w
76,678,132,00-1:00.000_00-1:00.000,0,0,w
76,678,677,00-1:00.000_00-1:00.000,0,0,w
76,678,688,00-1:00.000_00-1:00.000,0,0,w
76,679,133,00-1:00.000_00-1:00.000,0,0,w
76,679,610,00-1:00.000_00-1:00.000,0,0,w
76,679,680,00-1:00.000_00-1:00.000,0,0,w
76,680,134,00-1:00.000_00-1:00.000,0,0,w
76,680,404,00-1:00.000_00-1:00.000,0,0,w
76,680,679,00-1:00.000_00-1:00.000,0,0,w
76,681,135,00-1:00.000_00-1:00.000,0,0,w
76,681,487,00-1:00.000_00-1:00.000,0,0,w
76,681,679,00-1:00.000_00-1:00.000,0,0,w
76,681,691,00-1:00.000_00-1:00.000,0,0,w
76,682,488,00-1:00.000_00-1:00.000,0,0,w
76,682,692,00-1:00.000_00-1:00.000,0,0,w
76,683,684,00-1:00.000_00-1:00.000,0,0,w
76,683,685,00-1:00.000_00-1:00.000,0,0,w
76,684,138,00-1:00.000_00-1:00.000,0,0,w
76,684,683,00-1:00.000_00-1:00.000,0,0,w
76,685,139,00-1:00.000_00-1:00.000,0,0,w
76,685,686,00-1:00.000_00-1:00.000,0,0,w
76,687,407,00-1:00.000_00-1:00.000,0,0,w
76,687,677,00-1:00.000_00-1:00.000,0,0,w
76,687,688,00-1:00.000_00-1:00.000,0,0,w
76,688,683,00-1:00.000_00-1:00.000,0,0,w
76,688,690,00-1:00.000_00-1:00.000,0,0,w
76,689,143,00-1:00.000_00-1:00.000,0,0,w
76,689,687,00-1:00.000_00-1:00.000,0,0,w
76,689,690,00-1:00.000_00-1:00.000,0,0,w
76,690,689,00-1:00.000_00-1:00.000,0,0,w
76,691,145,00-1:00.000_00-1:00.000,0,0,w
76,691,692,00-1:00.000_00-1:00.000,0,0,w
76,692,691,00-1:00.000_00-1:00.000,0,0,w
76,692,694,00-1:00.000_00-1:00.000,0,0,w
76,693,703,00-1:00.000_00-1:00.000,0,0,w
76,694,693,00-1:00.000_00-1:00.000,0,0,w
76,695,696,00-1:00.000_00-1:00.000,0,0,w
76,696,150,00-1:00.000_00-1:00.000,0,0,w
76,696,698,00-1:00.000_00-1:00.000,0,0,w
76,697,151,00-1:00.000_00-1:00.000,0,0,w
76,697,698,00-1:00.000_00-1:00.000,0,0,w
76,697,809,00-1:00.000_00-1:00.000,0,0,w
76,698,697,00-1:00.000_00-1:00.000,0,0,w
76,698,736,00-1:00.000_00-1:00.000,0,0,w
76,699,689,00-1:00.000_00-1:00.000,0,0,w
76,699,700,00-1:00.000_00-1:00.000,0,0,w
76,700,695,00-1:00.000_00-1:00.000,0,0,w
76,700,702,00-1:00.000_00-1:00.000,0,0,w
76,701,699,00-1:00.000_00-1:00.000,0,0,w
76,701,702,00-1:00.000_00-1:00.000,0,0,w
76,702,701,00-1:00.000_00-1:00.000,0,0,w
76,702,814,00-1:00.000_00-1:00.000,0,0,w
76,703,478,00-1:00.000_00-1:00.000,0,0,w
76,703,693,00-1:00.000_00-1:00.000,0,0,w
76,703,704,00-1:00.000_00-1:00.000,0,0,w
76,704,703,00-1:00.000_00-1:00.000,0,0,w
76,704,706,00-1:00.000_00-1:00.000,0,0,w
76,705,703,00-1:00.000_00-1:00.000,0,0,w
76,705,706,00-1:00.000_00-1:00.000,0,0,w
76,706,705,00-1:00.000_00-1:00.000,0,0,w
76,707,161,00-1:00.000_00-1:00.000,0,0,w
76,707,475,00-1:00.000_00-1:00.000,0,0,w
76,707,476,00-1:00.000_00-1:00.000,0,0,w
76,707,638,00-1:00.000_00-1:00.000,0,0,w
76,708,709,00-1:00.000_00-1:00.000,0,0,w
76,708,714,00-1:00.000_00-1:00.000,0,0,w
76,709,708,00-1:00.000_00-1:00.000,0,0,w
76,709,803,00-1:00.000_00-1:00.000,0,0,w
76,710,164,00-1:00.000_00-1:00.000,0,0,w
76,710,712,00-1:00.000_00-1:00.000,0,0,w
76,712,710,00-1:00.000_00-1:00.000,0,0,w
76,712,713,00-1:00.000_00-1:00.000,0,0,w
76,713,716,00-1:00.000_00-1:00.000,0,0,w
76,714,715,00-1:00.000_00-1:00.000,0,0,w
76,714,720,00-1:00.000_00-1:00.000,0,0,w
76,715,714,00-1:00.000_00-1:00.000,0,0,w
76,715,719,00-1:00.000_00-1:00.000,0,0,w
76,715,721,00-1:00.000_00-1:00.000,0,0,w
76,716,601,00-1:00.000_00-1:00.000,0,0,w
76,716,713,00-1:00.000_00-1:00.000,0,0,w
76,717,719,00-1:00.000_00-1:00.000,0,0,w
76,719,718,00-1:00.000_00-1:00.000,0,0,w
76,720,721,00-1:00.000_00-1:00.000,0,0,w
76,720,726,00-1:00.000_00-1:00.000,0,0,w
76,721,175,00-1:00.000_00-1:00.000,0,0,w
76,721,720,00-1:00.000_00-1:00.000,0,0,w
76,721,723,00-1:00.000_00-1:00.000,0,0,w
76,721,727,00-1:00.000_00-1:00.000,0,0,w
76,722,718,00-1:00.000_00-1:00.000,0,0,w
76,722,724,00-1:00.000_00-1:00.000,0,0,w
76,723,722,00-1:00.000_00-1:00.000,0,0,w
76,724,722,00-1:00.000_00-1:00.000,0,0,w
76,724,725,00-1:00.000_00-1:00.000,0,0,w
76,724,728,00-1:00.000_00-1:00.000,0,0,w
76,725,723,00-1:00.000_00-1:00.000,0,0,w
76,725,729,00-1:00.000_00-1:00.000,0,0,w
76,726,727,00-1:00.000_00-1:00.000,0,0,w
76,726,913,00-1:00.000_00-1:00.000,0,0,w
76,727,729,00-1:00.000_00-1:00.000,0,0,w
76,727,731,00-1:00.000_00-1:00.000,0,0,w
76,728,724,00-1:00.000_00-1:00.000,0,0,w
76,728,729,00-1:00.000_00-1:00.000,0,0,w
76,729,727,00-1:00.000_00-1:00.000,0,0,w
76,729,731,00-1:00.000_00-1:00.000,0,0,w
76,730,731,00-1:00.000_00-1:00.000,0,0,w
76,731,729,00-1:00.000_00-1:00.000,0,0,w
76,731,730,00-1:00.000_00-1:00.000,0,0,w
76,732,417,00-1:00.000_00-1:00.000,0,0,w
76,732,733,00-1:00.000_00-1:00.000,0,0,w
76,732,864,00-1:00.000_00-1:00.000,0,0,w
76,733,732,00-1:00.000_00-1:00.000,0,0,w
76,733,735,00-1:00.000_00-1:00.000,0,0,w
76,733,737,00-1:00.000_00-1:00.000,0,0,w
76,733,865,00-1:00.000_00-1:00.000,0,0,w
76,734,696,00-1:00.000_00-1:00.000,0,0,w
76,735,189,00-1:00.000_00-1:00.000,0,0,w
76,735,733,00-1:00.000_00-1:00.000,0,0,w
76,736,698,00-1:00.000_00-1:00.000,0,0,w
76,736,734,00-1:00.000_00-1:00.000,0,0,w
76,736,737,00-1:00.000_00-1:00.000,0,0,w
76,737,866,00-1:00.000_00-1:00.000,0,0,w
76,738,742,00-1:00.000_00-1:00.000,0,0,w
76,738,746,00-1:00.000_00-1:00.000,0,0,w
76,738,784,00-1:00.000_00-1:00.000,0,0,w
76,739,193,00-1:00.000_00-1:00.000,0,0,w
76,739,740,00-1:00.000_00-1:00.000,0,0,w
76,740,194,00-1:00.000_00-1:00.000,0,0,w
76,740,742,00-1:00.000_00-1:00.000,0,0,w
76,741,195,00-1:00.000_00-1:00.000,0,0,w
76,741,742,00-1:00.000_00-1:00.000,0,0,w
76,741,747,00-1:00.000_00-1:00.000,0,0,w
76,742,741,00-1:00.000_00-1:00.000,0,0,w
76,742,748,00-1:00.000_00-1:00.000,0,0,w
76,743,745,00-1:00.000_00-1:00.000,0,0,w
76,743,751,00-1:00.000_00-1:00.000,0,0,w
76,743,752,00-1:00.000_00-1:00.000,0,0,w
76,743,921,00-1:00.000_00-1:00.000,0,0,w
76,744,198,00-1:00.000_00-1:00.000,0,0,w
76,744,922,00-1:00.000_00-1:00.000,0,0,w
76,745,199,00-1:00.000_00-1:00.000,0,0,w
76,746,200,00-1:00.000_00-1:00.000,0,0,w
76,746,748,00-1:00.000_00-1:00.000,0,0,w
76,746,750,00-1:00.000_00-1:00.000,0,0,w
76,746,757,00-1:00.000_00-1:00.000,0,0,w
76,746,792,00-1:00.000_00-1:00.000,0,0,w
76,747,748,00-1:00.000_00-1:00.000,0,0,w
76,747,752,00-1:00.000_00-1:00.000,0,0,w
76,748,202,00-1:00.000_00-1:00.000,0,0,w
76,748,750,00-1:00.000_00-1:00.000,0,0,w
76,749,758,00-1:00.000_00-1:00.000,0,0,w
76,750,204,00-1:00.000_00-1:00.000,0,0,w
76,750,759,00-1:00.000_00-1:00.000,0,0,w
76,751,755,00-1:00.000_00-1:00.000,0,0,w
76,752,743,00-1:00.000_00-1:00.000,0,0,w
76,753,207,00-1:00.000_00-1:00.000,0,0,w
76,753,762,00-1:00.000_00-1:00.000,0,0,w
76,754,208,00-1:00.000_00-1:00.000,0,0,w
76,754,749,00-1:00.000_00-1:00.000,0,0,w
76,755,209,00-1:00.000_00-1:00.000,0,0,w
76,756,210,00-1:00.000_00-1:00.000,0,0,w
76,757,211,00-1:00.000_00-1:00.000,0,0,w
76,757,759,00-1:00.000_00-1:00.000,0,0,w
76,757,768,00-1:00.000_00-1:00.000,0,0,w
76,758,763,00-1:00.000_00-1:00.000,0,0,w
76,760,769,00-1:00.000_00-1:00.000,0,0,w
76,761,215,00-1:00.000_00-1:00.000,0,0,w
76,761,770,00-1:00.000_00-1:00.000,0,0,w
76,762,216,00-1:00.000_00-1:00.000,0,0,w
76,763,217,00-1:00.000_00-1:00.000,0,0,w
76,763,765,00-1:00.000_00-1:00.000,0,0,w
76,764,762,00-1:00.000_00-1:00.000,0,0,w
76,765,219,00-1:00.000_00-1:00.000,0,0,w
76,765,774,00-1:00.000_00-1:00.000,0,0,w
76,767,221,00-1:00.000_00-1:00.000,0,0,w
76,768,222,00-1:00.000_00-1:00.000,0,0,w
76,768,770,00-1:00.000_00-1:00.000,0,0,w
76,768,772,00-1:00.000_00-1:00.000,0,0,w
76,768,808,00-1:00.000_00-1:00.000,0,0,w
76,769,774,00-1:00.000_00-1:00.000,0,0,w
76,770,224,00-1:00.000_00-1:00.000,0,0,w
76,770,772,00-1:00.000_00-1:00.000,0,0,w
76,771,225,00-1:00.000_00-1:00.000,0,0,w
76,772,226,00-1:00.000_00-1:00.000,0,0,w
76,772,768,00-1:00.000_00-1:00.000,0,0,w
76,773,227,00-1:00.000_00-1:00.000,0,0,w
76,773,764,00-1:00.000_00-1:00.000,0,0,w
76,774,228,00-1:00.000_00-1:00.000,0,0,w
76,774,776,00-1:00.000_00-1:00.000,0,0,w
76,775,589,00-1:00.000_00-1:00.000,0,0,w
76,777,231,00-1:00.000_00-1:00.000,0,0,w
76,777,779,00-1:00.000_00-1:00.000,0,0,w
76,778,232,00-1:00.000_00-1:00.000,0,0,w
76,778,597,00-1:00.000_00-1:00.000,0,0,w
76,778,777,00-1:00.000_00-1:00.000,0,0,w
76,779,777,00-1:00.000_00-1:00.000,0,0,w
76,780,234,00-1:00.000_00-1:00.000,0,0,w
76,780,785,00-1:00.000_00-1:00.000,0,0,w
76,781,235,00-1:00.000_00-1:00.000,0,0,w
76,781,786,00-1:00.000_00-1:00.000,0,0,w
76,782,236,00-1:00.000_00-1:00.000,0,0,w
76,782,787,00-1:00.000_00-1:00.000,0,0,w
76,782,917,00-1:00.000_00-1:00.000,0,0,w
76,783,237,00-1:00.000_00-1:00.000,0,0,w
76,783,788,00-1:00.000_00-1:00.000,0,0,w
76,783,789,00-1:00.000_00-1:00.000,0,0,w
76,784,238,00-1:00.000_00-1:00.000,0,0,w
76,784,783,00-1:00.000_00-1:00.000,0,0,w
76,785,786,00-1:00.000_00-1:00.000,0,0,w
76,785,793,00-1:00.000_00-1:00.000,0,0,w
76,786,240,00-1:00.000_00-1:00.000,0,0,w
76,786,785,00-1:00.000_00-1:00.000,0,0,w
76,786,787,00-1:00.000_00-1:00.000,0,0,w
76,786,794,00-1:00.000_00-1:00.000,0,0,w
76,787,241,00-1:00.000_00-1:00.000,0,0,w
76,787,786,00-1:00.000_00-1:00.000,0,0,w
76,787,789,00-1:00.000_00-1:00.000,0,0,w
76,787,791,00-1:00.000_00-1:00.000,0,0,w
76,787,795,00-1:00.000_00-1:00.000,0,0,w
76,788,792,00-1:00.000_00-1:00.000,0,0,w
76,789,243,00-1:00.000_00-1:00.000,0,0,w
76,789,791,00-1:00.000_00-1:00.000,0,0,w
76,790,796,00-1:00.000_00-1:00.000,0,0,w
76,791,797,00-1:00.000_00-1:00.000,0,0,w
76,792,784,00-1:00.000_00-1:00.000,0,0,w
76,792,788,00-1:00.000_00-1:00.000,0,0,w
76,793,794,00-1:00.000_00-1:00.000,0,0,w
76,794,248,00-1:00.000_00-1:00.000,0,0,w
76,794,793,00-1:00.000_00-1:00.000,0,0,w
76,794,802,00-1:00.000_00-1:00.000,0,0,w
76,795,249,00-1:00.000_00-1:00.000,0,0,w
76,795,794,00-1:00.000_00-1:00.000,0,0,w
76,795,799,00-1:00.000_00-1:00.000,0,0,w
76,795,803,00-1:00.000_00-1:00.000,0,0,w
76,796,797,00-1:00.000_00-1:00.000,0,0,w
76,797,251,00-1:00.000_00-1:00.000,0,0,w
76,797,799,00-1:00.000_00-1:00.000,0,0,w
76,799,797,00-1:00.000_00-1:00.000,0,0,w
76,800,254,00-1:00.000_00-1:00.000,0,0,w
76,800,792,00-1:00.000_00-1:00.000,0,0,w
76,800,796,00-1:00.000_00-1:00.000,0,0,w
76,801,793,00-1:00.000_00-1:00.000,0,0,w
76,801,802,00-1:00.000_00-1:00.000,0,0,w
76,802,794,00-1:00.000_00-1:00.000,0,0,w
76,802,801,00-1:00.000_00-1:00.000,0,0,w
76,802,803,00-1:00.000_00-1:00.000,0,0,w
76,803,802,00-1:00.000_00-1:00.000,0,0,w
76,803,805,00-1:00.000_00-1:00.000,0,0,w
76,803,807,00-1:00.000_00-1:00.000,0,0,w
76,805,259,00-1:00.000_00-1:00.000,0,0,w
76,805,803,00-1:00.000_00-1:00.000,0,0,w
76,805,807,00-1:00.000_00-1:00.000,0,0,w
76,808,800,00-1:00.000_00-1:00.000,0,0,w
76,809,810,00-1:00.000_00-1:00.000,0,0,w
76,809,811,00-1:00.000_00-1:00.000,0,0,w
76,809,814,00-1:00.000_00-1:00.000,0,0,w
76,810,264,00-1:00.000_00-1:00.000,0,0,w
76,810,809,00-1:00.000_00-1:00.000,0,0,w
76,810,812,00-1:00.000_00-1:00.000,0,0,w
76,811,265,00-1:00.000_00-1:00.000,0,0,w
76,811,812,00-1:00.000_00-1:00.000,0,0,w
76,811,816,00-1:00.000_00-1:00.000,0,0,w
76,812,811,00-1:00.000_00-1:00.000,0,0,w
76,812,818,00-1:00.000_00-1:00.000,0,0,w
76,813,267,00-1:00.000_00-1:00.000,0,0,w
76,813,701,00-1:00.000_00-1:00.000,0,0,w
76,813,814,00-1:00.000_00-1:00.000,0,0,w
76,814,809,00-1:00.000_00-1:00.000,0,0,w
76,814,813,00-1:00.000_00-1:00.000,0,0,w
76,814,816,00-1:00.000_00-1:00.000,0,0,w
76,815,638,00-1:00.000_00-1:00.000,0,0,w
76,815,821,00-1:00.000_00-1:00.000,0,0,w
76,816,822,00-1:00.000_00-1:00.000,0,0,w
76,817,811,00-1:00.000_00-1:00.000,0,0,w
76,817,818,00-1:00.000_00-1:00.000,0,0,w
76,818,817,00-1:00.000_00-1:00.000,0,0,w
76,818,820,00-1:00.000_00-1:00.000,0,0,w
76,819,817,00-1:00.000_00-1:00.000,0,0,w
76,819,820,00-1:00.000_00-1:00.000,0,0,w
76,820,819,00-1:00.000_00-1:00.000,0,0,w
76,820,830,00-1:00.000_00-1:00.000,0,0,w
76,821,275,00-1:00.000_00-1:00.000,0,0,w
76,821,822,00-1:00.000_00-1:00.000,0,0,w
76,821,823,00-1:00.000_00-1:00.000,0,0,w
76,822,816,00-1:00.000_00-1:00.000,0,0,w
76,822,821,00-1:00.000_00-1:00.000,0,0,w
76,823,824,00-1:00.000_00-1:00.000,0,0,w
76,823,828,00-1:00.000_00-1:00.000,0,0,w
76,823,833,00-1:00.000_00-1:00.000,0,0,w
76,824,822,00-1:00.000_00-1:00.000,0,0,w
76,824,823,00-1:00.000_00-1:00.000,0,0,w
76,824,834,00-1:00.000_00-1:00.000,0,0,w
76,825,279,00-1:00.000_00-1:00.000,0,0,w
76,825,649,00-1:00.000_00-1:00.000,0,0,w
76,826,821,00-1:00.000_00-1:00.000,0,0,w
76,826,828,00-1:00.000_00-1:00.000,0,0,w
76,827,825,00-1:00.000_00-1:00.000,0,0,w
76,827,828,00-1:00.000_00-1:00.000,0,0,w
76,827,837,00-1:00.000_00-1:00.000,0,0,w
76,828,827,00-1:00.000_00-1:00.000,0,0,w
76,828,838,00-1:00.000_00-1:00.000,0,0,w
76,829,283,00-1:00.000_00-1:00.000,0,0,w
76,829,819,00-1:00.000_00-1:00.000,0,0,w
76,830,284,00-1:00.000_00-1:00.000,0,0,w
76,830,832,00-1:00.000_00-1:00.000,0,0,w
76,831,845,00-1:00.000_00-1:00.000,0,0,w
76,832,872,00-1:00.000_00-1:00.000,0,0,w
76,833,455,00-1:00.000_00-1:00.000,0,0,w
76,833,834,00-1:00.000_00-1:00.000,0,0,w
76,833,838,00-1:00.000_00-1:00.000,0,0,w
76,834,288,00-1:00.000_00-1:00.000,0,0,w
76,834,456,00-1:00.000_00-1:00.000,0,0,w
76,834,829,00-1:00.000_00-1:00.000,0,0,w
76,835,289,00-1:00.000_00-1:00.000,0,0,w
76,835,836,00-1:00.000_00-1:00.000,0,0,w
76,835,846,00-1:00.000_00-1:00.000,0,0,w
76,836,831,00-1:00.000_00-1:00.000,0,0,w
76,836,846,00-1:00.000_00-1:00.000,0,0,w
76,837,838,00-1:00.000_00-1:00.000,0,0,w
76,837,839,00-1:00.000_00-1:00.000,0,0,w
76,838,292,00-1:00.000_00-1:00.000,0,0,w
76,838,828,00-1:00.000_00-1:00.000,0,0,w
76,838,837,00-1:00.000_00-1:00.000,0,0,w
76,839,293,00-1:00.000_00-1:00.000,0,0,w
76,839,840,00-1:00.000_00-1:00.000,0,0,w
76,839,847,00-1:00.000_00-1:00.000,0,0,w
76,840,835,00-1:00.000_00-1:00.000,0,0,w
76,841,295,00-1:00.000_00-1:00.000,0,0,w
76,841,663,00-1:00.000_00-1:00.000,0,0,w
76,841,842,00-1:00.000_00-1:00.000,0,0,w
76,841,843,00-1:00.000_00-1:00.000,0,0,w
76,842,837,00-1:00.000_00-1:00.000,0,0,w
76,842,844,00-1:00.000_00-1:00.000,0,0,w
76,843,297,00-1:00.000_00-1:00.000,0,0,w
76,843,841,00-1:00.000_00-1:00.000,0,0,w
76,843,844,00-1:00.000_00-1:00.000,0,0,w
76,844,843,00-1:00.000_00-1:00.000,0,0,w
76,844,848,00-1:00.000_00-1:00.000,0,0,w
76,845,299,00-1:00.000_00-1:00.000,0,0,w
76,845,467,00-1:00.000_00-1:00.000,0,0,w
76,845,831,00-1:00.000_00-1:00.000,0,0,w
76,845,875,00-1:00.000_00-1:00.000,0,0,w
76,846,300,00-1:00.000_00-1:00.000,0,0,w
76,846,836,00-1:00.000_00-1:00.000,0,0,w
76,846,845,00-1:00.000_00-1:00.000,0,0,w
76,846,847,00-1:00.000_00-1:00.000,0,0,w
76,846,856,00-1:00.000_00-1:00.000,0,0,w
76,847,301,00-1:00.000_00-1:00.000,0,0,w
76,847,840,00-1:00.000_00-1:00.000,0,0,w
76,847,846,00-1:00.000_00-1:00.000,0,0,w
76,847,857,00-1:00.000_00-1:00.000,0,0,w
76,848,302,00-1:00.000_00-1:00.000,0,0,w
76,848,843,00-1:00.000_00-1:00.000,0,0,w
76,848,844,00-1:00.000_00-1:00.000,0,0,w
76,848,847,00-1:00.000_00-1:00.000,0,0,w
76,849,665,00-1:00.000_00-1:00.000,0,0,w
76,849,851,00-1:00.000_00-1:00.000,0,0,w
76,849,853,00-1:00.000_00-1:00.000,0,0,w
76,849,859,00-1:00.000_00-1:00.000,0,0,w
76,850,851,00-1:00.000_00-1:00.000,0,0,w
76,850,854,00-1:00.000_00-1:00.000,0,0,w
76,851,305,00-1:00.000_00-1:00.000,0,0,w
76,851,849,00-1:00.000_00-1:00.000,0,0,w
76,851,853,00-1:00.000_00-1:00.000,0,0,w
76,852,853,00-1:00.000_00-1:00.000,0,0,w
76,852,860,00-1:00.000_00-1:00.000,0,0,w
76,853,852,00-1:00.000_00-1:00.000,0,0,w
76,853,860,00-1:00.000_00-1:00.000,0,0,w
76,854,850,00-1:00.000_00-1:00.000,0,0,w
76,854,907,00-1:00.000_00-1:00.000,0,0,w
76,855,309,00-1:00.000_00-1:00.000,0,0,w
76,855,856,00-1:00.000_00-1:00.000,0,0,w
76,855,878,00-1:00.000_00-1:00.000,0,0,w
76,856,310,00-1:00.000_00-1:00.000,0,0,w
76,856,855,00-1:00.000_00-1:00.000,0,0,w
76,856,857,00-1:00.000_00-1:00.000,0,0,w
76,856,863,00-1:00.000_00-1:00.000,0,0,w
76,857,311,00-1:00.000_00-1:00.000,0,0,w
76,857,856,00-1:00.000_00-1:00.000,0,0,w
76,857,885,00-1:00.000_00-1:00.000,0,0,w
76,858,312,00-1:00.000_00-1:00.000,0,0,w
76,858,848,00-1:00.000_00-1:00.000,0,0,w
76,858,857,00-1:00.000_00-1:00.000,0,0,w
76,858,886,00-1:00.000_00-1:00.000,0,0,w
76,859,313,00-1:00.000_00-1:00.000,0,0,w
76,859,860,00-1:00.000_00-1:00.000,0,0,w
76,859,887,00-1:00.000_00-1:00.000,0,0,w
76,860,853,00-1:00.000_00-1:00.000,0,0,w
76,860,859,00-1:00.000_00-1:00.000,0,0,w
76,860,888,00-1:00.000_00-1:00.000,0,0,w
76,861,315,00-1:00.000_00-1:00.000,0,0,w
76,861,860,00-1:00.000_00-1:00.000,0,0,w
76,861,888,00-1:00.000_00-1:00.000,0,0,w
76,861,910,00-1:00.000_00-1:00.000,0,0,w
76,862,316,00-1:00.000_00-1:00.000,0,0,w
76,862,466,00-1:00.000_00-1:00.000,0,0,w
76,862,863,00-1:00.000_00-1:00.000,0,0,w
76,862,889,00-1:00.000_00-1:00.000,0,0,w
76,863,317,00-1:00.000_00-1:00.000,0,0,w
76,863,862,00-1:00.000_00-1:00.000,0,0,w
76,863,885,00-1:00.000_00-1:00.000,0,0,w
76,863,890,00-1:00.000_00-1:00.000,0,0,w
76,864,318,00-1:00.000_00-1:00.000,0,0,w
76,864,865,00-1:00.000_00-1:00.000,0,0,w
76,864,867,00-1:00.000_00-1:00.000,0,0,w
76,865,319,00-1:00.000_00-1:00.000,0,0,w
76,865,864,00-1:00.000_00-1:00.000,0,0,w
76,865,866,00-1:00.000_00-1:00.000,0,0,w
76,865,868,00-1:00.000_00-1:00.000,0,0,w
76,866,737,00-1:00.000_00-1:00.000,0,0,w
76,866,812,00-1:00.000_00-1:00.000,0,0,w
76,866,868,00-1:00.000_00-1:00.000,0,0,w
76,866,869,00-1:00.000_00-1:00.000,0,0,w
76,867,868,00-1:00.000_00-1:00.000,0,0,w
76,868,866,00-1:00.000_00-1:00.000,0,0,w
76,868,867,00-1:00.000_00-1:00.000,0,0,w
76,868,869,00-1:00.000_00-1:00.000,0,0,w
76,869,820,00-1:00.000_00-1:00.000,0,0,w
76,869,868,00-1:00.000_00-1:00.000,0,0,w
76,870,871,00-1:00.000_00-1:00.000,0,0,w
76,871,870,00-1:00.000_00-1:00.000,0,0,w
76,871,872,00-1:00.000_00-1:00.000,0,0,w
76,872,832,00-1:00.000_00-1:00.000,0,0,w
76,872,871,00-1:00.000_00-1:00.000,0,0,w
76,873,327,00-1:00.000_00-1:00.000,0,0,w
76,874,873,00-1:00.000_00-1:00.000,0,0,w
76,875,845,00-1:00.000_00-1:00.000,0,0,w
76,875,874,00-1:00.000_00-1:00.000,0,0,w
76,875,878,00-1:00.000_00-1:00.000,0,0,w
76,876,877,00-1:00.000_00-1:00.000,0,0,w
76,876,879,00-1:00.000_00-1:00.000,0,0,w
76,877,331,00-1:00.000_00-1:00.000,0,0,w
76,877,876,00-1:00.000_00-1:00.000,0,0,w
76,877,878,00-1:00.000_00-1:00.000,0,0,w
76,877,880,00-1:00.000_00-1:00.000,0,0,w
76,878,332,00-1:00.000_00-1:00.000,0,0,w
76,878,875,00-1:00.000_00-1:00.000,0,0,w
76,878,877,00-1:00.000_00-1:00.000,0,0,w
76,878,881,00-1:00.000_00-1:00.000,0,0,w
76,879,880,00-1:00.000_00-1:00.000,0,0,w
76,879,882,00-1:00.000_00-1:00.000,0,0,w
76,880,334,00-1:00.000_00-1:00.000,0,0,w
76,880,879,00-1:00.000_00-1:00.000,0,0,w
76,880,881,00-1:00.000_00-1:00.000,0,0,w
76,880,883,00-1:00.000_00-1:00.000,0,0,w
76,881,335,00-1:00.000_00-1:00.000,0,0,w
76,881,878,00-1:00.000_00-1:00.000,0,0,w
76,881,880,00-1:00.000_00-1:00.000,0,0,w
76,881,884,00-1:00.000_00-1:00.000,0,0,w
76,882,336,00-1:00.000_00-1:00.000,0,0,w
76,883,337,00-1:00.000_00-1:00.000,0,0,w
76,883,880,00-1:00.000_00-1:00.000,0,0,w
76,883,882,00-1:00.000_00-1:00.000,0,0,w
76,884,889,00-1:00.000_00-1:00.000,0,0,w
76,885,339,00-1:00.000_00-1:00.000,0,0,w
76,885,857,00-1:00.000_00-1:00.000,0,0,w
76,885,863,00-1:00.000_00-1:00.000,0,0,w
76,886,340,00-1:00.000_00-1:00.000,0,0,w
76,886,858,00-1:00.000_00-1:00.000,0,0,w
76,886,887,00-1:00.000_00-1:00.000,0,0,w
76,886,892,00-1:00.000_00-1:00.000,0,0,w
76,887,886,00-1:00.000_00-1:00.000,0,0,w
76,887,893,00-1:00.000_00-1:00.000,0,0,w
76,888,342,00-1:00.000_00-1:00.000,0,0,w
76,888,861,00-1:00.000_00-1:00.000,0,0,w
76,888,887,00-1:00.000_00-1:00.000,0,0,w
76,889,343,00-1:00.000_00-1:00.000,0,0,w
76,889,884,00-1:00.000_00-1:00.000,0,0,w
76,889,895,00-1:00.000_00-1:00.000,0,0,w
76,890,344,00-1:00.000_00-1:00.000,0,0,w
76,890,891,00-1:00.000_00-1:00.000,0,0,w
76,890,896,00-1:00.000_00-1:00.000,0,0,w
76,891,345,00-1:00.000_00-1:00.000,0,0,w
76,891,896,00-1:00.000_00-1:00.000,0,0,w
76,891,897,00-1:00.000_00-1:00.000,0,0,w
76,891,899,00-1:00.000_00-1:00.000,0,0,w
76,892,346,00-1:00.000_00-1:00.000,0,0,w
76,892,886,00-1:00.000_00-1:00.000,0,0,w
76,892,897,00-1:00.000_00-1:00.000,0,0,w
76,893,894,00-1:00.000_00-1:00.000,0,0,w
76,893,898,00-1:00.000_00-1:00.000,0,0,w
76,894,893,00-1:00.000_00-1:00.000,0,0,w
76,895,349,00-1:00.000_00-1:00.000,0,0,w
76,895,896,00-1:00.000_00-1:00.000,0,0,w
76,896,350,00-1:00.000_00-1:00.000,0,0,w
76,896,891,00-1:00.000_00-1:00.000,0,0,w
76,896,895,00-1:00.000_00-1:00.000,0,0,w
76,896,899,00-1:00.000_00-1:00.000,0,0,w
76,897,351,00-1:00.000_00-1:00.000,0,0,w
76,897,891,00-1:00.000_00-1:00.000,0,0,w
76,897,899,00-1:00.000_00-1:00.000,0,0,w
76,898,900,00-1:00.000_00-1:00.000,0,0,w
76,899,353,00-1:00.000_00-1:00.000,0,0,w
76,899,891,00-1:00.000_00-1:00.000,0,0,w
76,899,896,00-1:00.000_00-1:00.000,0,0,w
76,899,897,00-1:00.000_00-1:00.000,0,0,w
76,900,354,00-1:00.000_00-1:00.000,0,0,w
76,901,355,00-1:00.000_00-1:00.000,0,0,w
76,901,900,00-1:00.000_00-1:00.000,0,0,w
76,902,513,00-1:00.000_00-1:00.000,0,0,w
76,902,541,00-1:00.000_00-1:00.000,0,0,w
76,902,542,00-1:00.000_00-1:00.000,0,0,w
76,902,660,00-1:00.000_00-1:00.000,0,0,w
76,902,661,00-1:00.000_00-1:00.000,0,0,w
76,902,670,00-1:00.000_00-1:00.000,0,0,w
76,903,514,00-1:00.000_00-1:00.000,0,0,w
76,903,544,00-1:00.000_00-1:00.000,0,0,w
76,904,358,00-1:00.000_00-1:00.000,0,0,w
76,904,906,00-1:00.000_00-1:00.000,0,0,w
76,905,514,00-1:00.000_00-1:00.000,0,0,w
76,905,670,00-1:00.000_00-1:00.000,0,0,w
76,905,854,00-1:00.000_00-1:00.000,0,0,w
76,905,907,00-1:00.000_00-1:00.000,0,0,w
76,906,904,00-1:00.000_00-1:00.000,0,0,w
76,906,905,00-1:00.000_00-1:00.000,0,0,w
76,907,861,00-1:00.000_00-1:00.000,0,0,w
76,907,908,00-1:00.000_00-1:00.000,0,0,w
76,907,910,00-1:00.000_00-1:00.000,0,0,w
76,908,907,00-1:00.000_00-1:00.000,0,0,w
76,909,363,00-1:00.000_00-1:00.000,0,0,w
76,909,912,00-1:00.000_00-1:00.000,0,0,w
76,910,888,00-1:00.000_00-1:00.000,0,0,w
76,910,911,00-1:00.000_00-1:00.000,0,0,w
76,911,365,00-1:00.000_00-1:00.000,0,0,w
76,911,908,00-1:00.000_00-1:00.000,0,0,w
76,912,908,00-1:00.000_00-1:00.000,0,0,w
76,913,367,00-1:00.000_00-1:00.000,0,0,w
76,913,714,00-1:00.000_00-1:00.000,0,0,w
76,913,720,00-1:00.000_00-1:00.000,0,0,w
76,913,726,00-1:00.000_00-1:00.000,0,0,w
76,913,864,00-1:00.000_00-1:00.000,0,0,w
76,914,780,00-1:00.000_00-1:00.000,0,0,w
76,914,785,00-1:00.000_00-1:00.000,0,0,w
76,914,793,00-1:00.000_00-1:00.000,0,0,w
76,915,369,00-1:00.000_00-1:00.000,0,0,w
76,916,370,00-1:00.000_00-1:00.000,0,0,w
76,917,371,00-1:00.000_00-1:00.000,0,0,w
76,917,916,00-1:00.000_00-1:00.000,0,0,w
76,918,372,00-1:00.000_00-1:00.000,0,0,w
76,918,783,00-1:00.000_00-1:00.000,0,0,w
76,918,917,00-1:00.000_00-1:00.000,0,0,w
76,919,373,00-1:00.000_00-1:00.000,0,0,w
76,919,918,00-1:00.000_00-1:00.000,0,0,w
76,919,924,00-1:00.000_00-1:00.000,0,0,w
76,921,375,00-1:00.000_00-1:00.000,0,0,w
76,921,739,00-1:00.000_00-1:00.000,0,0,w
76,921,920,00-1:00.000_00-1:00.000,0,0,w
76,922,743,00-1:00.000_00-1:00.000,0,0,w
76,923,418,00-1:00.000_00-1:00.000,0,0,w
76,925,390,00-1:00.000_00-1:00.000,0,0,w
76,927,462,00-1:00.000_00-1:00.000,0,0,w
76,928,382,00-1:00.000_00-1:00.000,0,0,w
76,929,383,00-1:00.000_00-1:00.000,0,0,w
76,930,384,00-1:00.000_00-1:00.000,0,0,w
76,933,534,00-1:00.000_00-1:00.000,0,0,w
connector,-3,3,00-1:00.000_00-1:00.000,0,0,w
connector,-4,4,00-1:00.000_00-1:00.000,0,0,w
connector,-5,5,00-1:00.000_00-1:00.000,0,0,w
connector,-11,11,00-1:00.000_00-1:00.000,0,0,w
connector,-12,12,00-1:00.000_00-1:00.000,0,0,w
connector,-13,13,00-1:00.000_00-1:00.000,0,0,w
connector,-14,14,00-1:00.000_00-1:00.000,0,0,w
connector,-15,15,00-1:00.000_00-1:00.000,0,0,w
connector,-16,16,00-1:00.000_00-1:00.000,0,0,w
connector,-17,17,00-1:00.000_00-1:00.000,0,0,w
connector,-18,18,00-1:00.000_00-1:00.000,0,0,w
connector,-19,19,00-1:00.000_00-1:00.000,0,0,w
connector,-20,20,00-1:00.000_00-1:00.000,0,0,w
connector,-21,21,00-1:00.000_00-1:00.000,0,0,w
connector,-23,23,00-1:00.000_00-1:00.000,0,0,w
connector,-24,24,00-1:00.000_00-1:00.000,0,0,w
connector,-25,25,00-1:00.000_00-1:00.000,0,0,w
connector,-26,26,00-1:00.000_00-1:00.000,0,0,w
connector,-28,28,00-1:00.000_00-1:00.000,0,0,w
connector,-29,29,00-1:00.000_00-1:00.000,0,0,w
connector,-30,30,00-1:00.000_00-1:00.000,0,0,w
connector,-31,31,00-1:00.000_00-1:00.000,0,0,w
connector,-32,32,00-1:00.000_00-1:00.000,0,0,w
connector,-34,34,00-1:00.000_00-1:00.000,0,0,w
connector,-36,36,00-1:00.000_00-1:00.000,0,0,w
connector,-64,64,00-1:00.000_00-1:00.000,0,0,w
connector,-69,69,00-1:00.000_00-1:00.000,0,0,w
connector,-76,76,00-1:00.000_00-1:00.000,0,0,w
connector,-77,77,00-1:00.000_00-1:00.000,0,0,w
connector,-78,78,00-1:00.000_00-1:00.000,0,0,w
connector,-84,84,00-1:00.000_00-1:00.000,0,0,w
connector,-86,86,00-1:00.000_00-1:00.000,0,0,w
connector,-89,89,00-1:00.000_00-1:00.000,0,0,w
connector,-90,90,00-1:00.000_00-1:00.000,0,0,w
connector,-91,91,00-1:00.000_00-1:00.000,0,0,w
connector,-92,92,00-1:00.000_00-1:00.000,0,0,w
connector,-99,99,00-1:00.000_00-1:00.000,0,0,w
connector,-103,103,00-1:00.000_00-1:00.000,0,0,w
connector,-106,106,00-1:00.000_00-1:00.000,0,0,w
connector,-110,110,00-1:00.000_00-1:00.000,0,0,w
connector,-111,111,00-1:00.000_00-1:00.000,0,0,w
connector,-113,113,00-1:00.000_00-1:00.000,0,0,w
connector,-115,115,00-1:00.000_00-1:00.000,0,0,w
connector,-118,118,00-1:00.000_00-1:00.000,0,0,w
connector,-121,121,00-1:00.000_00-1:00.000,0,0,w
connector,-123,123,00-1:00.000_00-1:00.000,0,0,w
connector,-133,133,00-1:00.000_00-1:00.000,0,0,w
connector,-134,134,00-1:00.000_00-1:00.000,0,0,w
connector,-135,135,00-1:00.000_00-1:00.000,0,0,w
connector,-141,141,00-1:00.000_00-1:00.000,0,0,w
connector,-157,157,00-1:00.000_00-1:00.000,0,0,w
connector,-190,190,00-1:00.000_00-1:00.000,0,0,w
connector,-287,287,00-1:00.000_00-1:00.000,0,0,w
connector,-288,288,00-1:00.000_00-1:00.000,0,0,w
connector,-356,356,00-1:00.000_00-1:00.000,0,0,w
connector,-357,357,00-1:00.000_00-1:00.000,0,0,w
connector,-377,377,00-1:00.000_00-1:00.000,0,0,w
connector,-379,379,00-1:00.000_00-1:00.000,0,0,w
connector,-381,381,00-1:00.000_00-1:00.000,0,0,w
connector,382,-382,00-1:00.000_00-1:00.000,0,0,w
connector,383,-383,00-1:00.000_00-1:00.000,0,0,w
connector,384,-384,00-1:00.000_00-1:00.000,0,0,w
connector,-387,387,00-1:00.000_00-1:00.000,0,0,w
