first_column,scenario_index,scenario_name,demand_period,mode_type,od_volume,number_of_routes,total_distance_km,total_distance_mile,total_travel_time_min,total_travel_delay_min,total_co2_kg,total_nox_kg,avg_distance_km,avg_distance_mile,avg_travel_time_in_min,avg_travel_delay_in_min,avg_speed_kmph,avg_speed_mph,avg_co2_kg,avg_nox_kg,
0,0,25nb,am,auto,360600,1448,3.4427e+06,2.13965e+06,7.40608e+06,3.96338e+06,1.47557e+06,279.647,9.54715,5.93359,20.5382,10.9911,27.8909,17.3343,4.09199,0.000775506,
0,0,25nb,am,walk,0,0,0,0,0,0,0,0,0,0,0,0,0,0,0,0,
0,0,25nb,am,bike,0,0,0,0,0,0,0,0,0,0,0,0,0,0,0,0,
0,0,25nb,am,bus,0,0,0,0,0,0,0,0,0,0,0,0,0,0,0,0,
0,0,25nb,am,truck,0,0,0,0,0,0,0,0,0,0,0,0,0,0,0,0,
0,0,25nb,am,cav,0,0,0,0,0,0,0,0,0,0,0,0,0,0,0,0,
0,0,25nb,am,ev,0,0,0,0,0,0,0,0,0,0,0,0,0,0,0,0,
0,0,25nb,am,hov,0,0,0,0,0,0,0,0,0,0,0,0,0,0,0,0,
