[PROCESS INFO] Step 0: reading scenario_index_list.csv
[STATUS INFO] scenario_index=0,scenario_name=,no_build
[STATUS INFO] scenario_index=1,scenario_name=,build
[PROCESS INFO] Step 1.1: Reading demand_period.csv...
,demand_period= 1,= am,time_period=0700_0800
[PROCESS INFO] Step 1.2: Reading file mode_type.csv...
mode_type =, auto, real time info flag = 0
[PROCESS INFO] Step 1.25: Reading optional activity_travel_pattern.csv...
link_type =, 1, link_type_name = highway
,mode_type= auto,cap= 2000,free_speed=60
link_type =, 2, link_type_name = arterial
,mode_type= auto,cap= 2000,free_speed=60
link_type =, 3, link_type_name = collector
,mode_type= auto,cap= 2000,free_speed=60
link_type =, 100, link_type_name = connector
,mode_type= auto,cap= 2000,free_speed=60
link_type =, 4, link_type_name = bikeonly
,mode_type= auto,cap= 2000,free_speed=60
link_type =, 5, link_type_name = walkonly
,mode_type= auto,cap= 2000,free_speed=60
link_type =, 200, link_type_name = y_n_n
,mode_type= auto,cap= 2000,free_speed=60
link_type =, 202, link_type_name = y_n_bs
,mode_type= auto,cap= 2000,free_speed=60
link_type =, 203, link_type_name = y_n_ws
,mode_type= auto,cap= 2000,free_speed=60
link_type =, 204, link_type_name = y_n_cc
,mode_type= auto,cap= 2000,free_speed=60
link_type =, 205, link_type_name = y_n_oth
,mode_type= auto,cap= 2000,free_speed=60
link_type =, 220, link_type_name = y_bf_n
,mode_type= auto,cap= 2000,free_speed=60
link_type =, 222, link_type_name = y_bf_bs
,mode_type= auto,cap= 2000,free_speed=60
link_type =, 223, link_type_name = y_bf_ws
,mode_type= auto,cap= 2000,free_speed=60
link_type =, 224, link_type_name = y_bf_cc
,mode_type= auto,cap= 2000,free_speed=60
link_type =, 225, link_type_name = y_bf_oth
,mode_type= auto,cap= 2000,free_speed=60
link_type =, 230, link_type_name = y_ln_n
,mode_type= auto,cap= 2000,free_speed=60
link_type =, 232, link_type_name = y_ln_bs
,mode_type= auto,cap= 2000,free_speed=60
link_type =, 233, link_type_name = y_ln_ws
,mode_type= auto,cap= 2000,free_speed=60
link_type =, 234, link_type_name = y_ln_cc
,mode_type= auto,cap= 2000,free_speed=60
link_type =, 235, link_type_name = y_ln_oth
,mode_type= auto,cap= 2000,free_speed=60
link_type =, 240, link_type_name = y_pro_n
,mode_type= auto,cap= 2000,free_speed=60
link_type =, 242, link_type_name = y_pro_bs
,mode_type= auto,cap= 2000,free_speed=60
link_type =, 243, link_type_name = y_pro_ws
,mode_type= auto,cap= 2000,free_speed=60
link_type =, 244, link_type_name = y_pro_cc
,mode_type= auto,cap= 2000,free_speed=60
link_type =, 245, link_type_name = y_pro_oth
,mode_type= auto,cap= 2000,free_speed=60
link_type =, 250, link_type_name = y_sh_n
,mode_type= auto,cap= 2000,free_speed=60
link_type =, 252, link_type_name = y_sh_bs
,mode_type= auto,cap= 2000,free_speed=60
link_type =, 253, link_type_name = y_sh_ws
,mode_type= auto,cap= 2000,free_speed=60
link_type =, 254, link_type_name = y_sh_cc
,mode_type= auto,cap= 2000,free_speed=60
link_type =, 255, link_type_name = y_sh_oth
,mode_type= auto,cap= 2000,free_speed=60
link_type =, 260, link_type_name = y_cc_n
,mode_type= auto,cap= 2000,free_speed=60
link_type =, 262, link_type_name = y_cc_bs
,mode_type= auto,cap= 2000,free_speed=60
link_type =, 263, link_type_name = y_cc_ws
,mode_type= auto,cap= 2000,free_speed=60
link_type =, 264, link_type_name = y_cc_cc
,mode_type= auto,cap= 2000,free_speed=60
link_type =, 265, link_type_name = y_cc_oth
,mode_type= auto,cap= 2000,free_speed=60
link_type =, 110, link_type_name = n_mp_n
,mode_type= auto,cap= 2000,free_speed=60
link_type =, 111, link_type_name = n_mp_mp
,mode_type= auto,cap= 2000,free_speed=60
link_type =, 101, link_type_name = n_n_mp
,mode_type= auto,cap= 2000,free_speed=60
link_type =, 102, link_type_name = 
,mode_type= auto,cap= 2000,free_speed=60
link_type =, 103, link_type_name = 
,mode_type= auto,cap= 2000,free_speed=60
link_type =, 104, link_type_name = 
,mode_type= auto,cap= 2000,free_speed=60
link_type =, 105, link_type_name = 
,mode_type= auto,cap= 2000,free_speed=60
link_type =, 120, link_type_name = 
,mode_type= auto,cap= 2000,free_speed=60
link_type =, 122, link_type_name = 
,mode_type= auto,cap= 2000,free_speed=60
link_type =, 123, link_type_name = 
,mode_type= auto,cap= 2000,free_speed=60
link_type =, 124, link_type_name = 
,mode_type= auto,cap= 2000,free_speed=60
link_type =, 125, link_type_name = 
,mode_type= auto,cap= 2000,free_speed=60
link_type =, 130, link_type_name = 
,mode_type= auto,cap= 2000,free_speed=60
link_type =, 132, link_type_name = 
,mode_type= auto,cap= 2000,free_speed=60
link_type =, 133, link_type_name = 
,mode_type= auto,cap= 2000,free_speed=60
link_type =, 134, link_type_name = 
,mode_type= auto,cap= 2000,free_speed=60
link_type =, 135, link_type_name = 
,mode_type= auto,cap= 2000,free_speed=60
link_type =, 140, link_type_name = 
,mode_type= auto,cap= 2000,free_speed=60
link_type =, 142, link_type_name = 
,mode_type= auto,cap= 2000,free_speed=60
link_type =, 143, link_type_name = 
,mode_type= auto,cap= 2000,free_speed=60
link_type =, 144, link_type_name = 
,mode_type= auto,cap= 2000,free_speed=60
link_type =, 145, link_type_name = 
,mode_type= auto,cap= 2000,free_speed=60
link_type =, 150, link_type_name = 
,mode_type= auto,cap= 2000,free_speed=60
link_type =, 152, link_type_name = 
,mode_type= auto,cap= 2000,free_speed=60
link_type =, 153, link_type_name = 
,mode_type= auto,cap= 2000,free_speed=60
link_type =, 154, link_type_name = 
,mode_type= auto,cap= 2000,free_speed=60
link_type =, 155, link_type_name = 
,mode_type= auto,cap= 2000,free_speed=60
link_type =, 160, link_type_name = 
,mode_type= auto,cap= 2000,free_speed=60
link_type =, 162, link_type_name = 
,mode_type= auto,cap= 2000,free_speed=60
link_type =, 163, link_type_name = 
,mode_type= auto,cap= 2000,free_speed=60
link_type =, 164, link_type_name = 
,mode_type= auto,cap= 2000,free_speed=60
link_type =, 165, link_type_name = 
,mode_type= auto,cap= 2000,free_speed=60
, number of activity nodes defined in node.csv=, 4
, number of boundary activity nodes defined in node.csv=, 0
[PROCESS INFO] Step 1: read network node.csv, link.csv, zone.csv 
,# of nodes = ,8
,# of links =,5
,# of zones =,4
,summary by multi-modal and demand types,demand_period,mode_type,# of links,avg_free_speed_mph,avg_free_speed_kmph,total_length_in_km,total_capacity,avg_lane_capacity,avg_length_in_meter,
,,am,auto,5,60,96.5604,270.02,34400,2340,54004,
,summary by road link type,link_type,link_type_name,# of links,avg_free_speed_mph,avg_free_speed_kmph,,total_length,total_capacity,avg_lane_capacity,avg_length_in_meter,
,,-1,,0,0,0,0,0,0,0,
,,0,,0,0,0,0,0,0,0,
,,1,highway,5,60,96.5604,270.02,34400,2340,54004,
,,2,arterial,0,0,0,0,0,0,0,
,,3,collector,0,0,0,0,0,0,0,
,,4,bikeonly,0,0,0,0,0,0,0,
,,5,walkonly,0,0,0,0,0,0,0,
,,100,connector,0,0,0,0,0,0,0,
,,101,n_n_mp,0,0,0,0,0,0,0,
,,102,,0,0,0,0,0,0,0,
,,103,,0,0,0,0,0,0,0,
,,104,,0,0,0,0,0,0,0,
,,105,,0,0,0,0,0,0,0,
,,110,n_mp_n,0,0,0,0,0,0,0,
,,111,n_mp_mp,0,0,0,0,0,0,0,
,,120,,0,0,0,0,0,0,0,
,,122,,0,0,0,0,0,0,0,
,,123,,0,0,0,0,0,0,0,
,,124,,0,0,0,0,0,0,0,
,,125,,0,0,0,0,0,0,0,
,,130,,0,0,0,0,0,0,0,
,,132,,0,0,0,0,0,0,0,
,,133,,0,0,0,0,0,0,0,
,,134,,0,0,0,0,0,0,0,
,,135,,0,0,0,0,0,0,0,
,,140,,0,0,0,0,0,0,0,
,,142,,0,0,0,0,0,0,0,
,,143,,0,0,0,0,0,0,0,
,,144,,0,0,0,0,0,0,0,
,,145,,0,0,0,0,0,0,0,
,,150,,0,0,0,0,0,0,0,
,,152,,0,0,0,0,0,0,0,
,,153,,0,0,0,0,0,0,0,
,,154,,0,0,0,0,0,0,0,
,,155,,0,0,0,0,0,0,0,
,,160,,0,0,0,0,0,0,0,
,,162,,0,0,0,0,0,0,0,
,,163,,0,0,0,0,0,0,0,
,,164,,0,0,0,0,0,0,0,
,,165,,0,0,0,0,0,0,0,
,,200,y_n_n,0,0,0,0,0,0,0,
,,202,y_n_bs,0,0,0,0,0,0,0,
,,203,y_n_ws,0,0,0,0,0,0,0,
,,204,y_n_cc,0,0,0,0,0,0,0,
,,205,y_n_oth,0,0,0,0,0,0,0,
,,220,y_bf_n,0,0,0,0,0,0,0,
,,222,y_bf_bs,0,0,0,0,0,0,0,
,,223,y_bf_ws,0,0,0,0,0,0,0,
,,224,y_bf_cc,0,0,0,0,0,0,0,
,,225,y_bf_oth,0,0,0,0,0,0,0,
,,230,y_ln_n,0,0,0,0,0,0,0,
,,232,y_ln_bs,0,0,0,0,0,0,0,
,,233,y_ln_ws,0,0,0,0,0,0,0,
,,234,y_ln_cc,0,0,0,0,0,0,0,
,,235,y_ln_oth,0,0,0,0,0,0,0,
,,240,y_pro_n,0,0,0,0,0,0,0,
,,242,y_pro_bs,0,0,0,0,0,0,0,
,,243,y_pro_ws,0,0,0,0,0,0,0,
,,244,y_pro_cc,0,0,0,0,0,0,0,
,,245,y_pro_oth,0,0,0,0,0,0,0,
,,250,y_sh_n,0,0,0,0,0,0,0,
,,252,y_sh_bs,0,0,0,0,0,0,0,
,,253,y_sh_ws,0,0,0,0,0,0,0,
,,254,y_sh_cc,0,0,0,0,0,0,0,
,,255,y_sh_oth,0,0,0,0,0,0,0,
,,260,y_cc_n,0,0,0,0,0,0,0,
,,262,y_cc_bs,0,0,0,0,0,0,0,
,,263,y_cc_ws,0,0,0,0,0,0,0,
,,264,y_cc_cc,0,0,0,0,0,0,0,
,,265,y_cc_oth,0,0,0,0,0,0,0,
[PROCESS INFO] Step 2.1: read demand, defined in demand_file_list.csv.
[STATUS INFO] reading demand file for scenario index = 0
[STATUS INFO] reading demand file for scenario index = 1
,total demand =, 4000
,from_flag,to_flag,volume
,from_flag,to_flag,volume
FOCUSING internal step 1: Focus-subarea Approach,0=not related, 1=significantly related external but not in cutoff, 2= cut-off external, 3= inside
,0,1,2,3,
0,0,0,0,0
1,0,0,0,0
2,0,0,0,0
3,0,0,0,8000
FOCUSING internal step 2: Origin-based flow extraction,top 10 OD,rank,o,d,inside_flag_o,inside_flag_d,mode_type,departure_time,volume
,,1,1,2,3,3,auto,am,4000
,read supply side scenario
, # of records in supply_side_scenario.csv=,0,
, # of SA records in supply_side_scenario.csv=,0,
, # of incident records in supply_side_scenario.csv=,0,
, # of dms records in supply_side_scenario.csv=,0,
[PROCESS INFO]Step 4: Column Generation for Traffic Assignment
,Total number of column generation iterations =, 20
,Total number of column generation iterations =, 20
[DATA INFO] Iteration, CPU Running Time (sec), # of agents, Avg Travel Time(min),  Avg UE gap %
0,0,4000,0,-100
1,0,4000,0,-100
2,0,4000,85.0103,88.8685
3,0,4000,85.0103,88.8685
4,0,4000,67.2326,15.2354
5,0,4000,65.0103,1.1192e-14
6,0,4000,65.8103,7.86752
7,0,4000,65.0103,1.1192e-14
8,0,4000,65.4185,5.25364
9,0,4000,66.2603,10.4149
10,0,4000,65.2573,3.93249
11,0,4000,65.0103,1.1192e-14
12,0,4000,65.1756,3.13879
13,0,4000,65.0103,1.1192e-14
14,0,4000,65.1287,2.6103
15,0,4000,65.4185,5.25364
16,0,4000,65.0992,2.2335
17,0,4000,65.0103,1.1192e-14
18,0,4000,65.0795,1.95144
19,0,4000,65.0103,1.1192e-14
[PROCESS INFO] Step 5: column pool-based flow updating for traffic assignment 
,# of flow updating iterations=,2
column updating
[DATA INFO] column updating: iteration = 0, avg travel time = 65.2103(min), optimization obj = 8800, Relative_gap = 3.27913 %
[DATA INFO] column updating: iteration = 1, avg travel time = 65.0428(min), optimization obj = 3354.59, Relative_gap = 1.27907 %
[PROCESS INFO] Step 7: perform sensitivity analysis if supply_side_scenario.csv is provided for types = SA and DMS. 
[PROCESS INFO] Step 8: traffic simulation if simulation_output = 1 in settings.csv . 
[PROCESS INFO] Step 9: record corridor performance summary
Output Link Performance:
,ref_link_vol_count=,0,MAPE=,0%
,VMT=,111896,VKT=,180040
,VHT=,4334.77
,network vehicle speed (MPH) =,25.8135,,network vehicle speed (KPH) =,41.534
,PMT=,111896,PKT=,180040
,PHT=,4334.77
,network person speed (MPH) =,25.8135,,network person speed (KPH) =,41.534
,simple avg link volume=,1600
,simple avg link speed=,36.012
,simple avg link speed ratio=,0.6002
[DATA INFO] Iteration, CPU Running Time (sec), # of agents, Avg Travel Time(min),  Avg UE gap %
0,0,4000,65.0218,62.4314
1,0,4000,0,-100
2,0,4000,80.0303,3.6366e-14
3,0,4000,80.0303,3.6366e-14
4,0,4000,80.0303,3.6366e-14
5,0,4000,80.0303,3.6366e-14
6,0,4000,80.0303,3.6366e-14
7,0,4000,80.0303,3.6366e-14
8,0,4000,80.0303,3.6366e-14
9,0,4000,80.0303,3.6366e-14
10,0,4000,80.0303,3.6366e-14
11,0,4000,80.0303,3.6366e-14
12,0,4000,80.0303,3.6366e-14
13,0,4000,80.0303,3.6366e-14
14,0,4000,80.0303,3.6366e-14
15,0,4000,80.0303,3.6366e-14
16,0,4000,80.0303,3.6366e-14
17,0,4000,80.0303,3.6366e-14
18,0,4000,80.0303,3.6366e-14
19,0,4000,80.0303,3.6366e-14
[PROCESS INFO] Step 5: column pool-based flow updating for traffic assignment 
,# of flow updating iterations=,2
column updating
[DATA INFO] column updating: iteration = 0, avg travel time = 80.0303(min), optimization obj = 0, Relative_gap = 0 %
[DATA INFO] column updating: iteration = 1, avg travel time = 80.0303(min), optimization obj = 0, Relative_gap = 0 %
[PROCESS INFO] Step 7: perform sensitivity analysis if supply_side_scenario.csv is provided for types = SA and DMS. 
[PROCESS INFO] Step 8: traffic simulation if simulation_output = 1 in settings.csv . 
[PROCESS INFO] Step 9: record corridor performance summary
Output Link Performance:
,ref_link_vol_count=,0,MAPE=,0%
,VMT=,74.5805,VKT=,120
,VHT=,5335.33
,network vehicle speed (MPH) =,0.0139786,,network vehicle speed (KPH) =,0.0224916
,PMT=,74.5805,PKT=,120
,PHT=,5335.33
,network person speed (MPH) =,0.0139786,,network person speed (KPH) =,0.0224916
,simple avg link volume=,2400
,simple avg link speed=,36.006
,simple avg link speed ratio=,0.6001
     Check OD connectivity and accessibility in od_performance.csv
, # of connected OD pairs =, 0
, # of OD/mode_type/demand_type columns without paths =, 1
Output Link Performance Summary
Output 2 Way Link Performance Summary
