link_id,link_type,from_node_id,to_node_id,geometry,distance_km,distance_mile,fftt,meso_link_id,tmc,tmc_corridor_name,tmc_corridor_id,tmc_road_order,tmc_road_sequence,subarea_id,lanes_s0,lanes_s1,type_s0,type_s1,penaltys0,penaltys1,Vam_no_build_auto,Vam_build_auto,VAB_am_no_build_auto,VAB_am_build_auto,VBA_am_no_build_auto,VBA_am_build_auto,block,MEUVABamno_buildauto,capABamno_buildauto,DOCABamno_buildauto,TTABam_no_build_auto,MEUVABambuildauto,capABambuildauto,DOCABambuildauto,TTABam_build_auto,MEUVBAamno_buildauto,capBAamno_buildauto,DOCBAamno_buildauto,TTBAam_no_build_auto,MEUVBAambuildauto,capBAambuildauto,DOCBAambuildauto,TTBAam_build_auto,
1003,highway,1,3,"LINESTRING (0.017882 -0.125179,19.778254 14.806867)",0.010000,0.006215,0.010000,-1,,network_wide,-1,0,-1,-1,1.0,1.0,highway,highway,0.0,0.0,2048.0,4000.0,2048.0,4000.0,,,,2048.0,2000.0,20.480,20.490,4000.0,2000.0,40.000,40.010,,,,,,,,,
3002,highway,3,2,"LINESTRING (19.778254 14.806867,40.253933 0.053648)",45.000000,27.967682,45.000000,-1,,network_wide,-1,0,-1,-1,3.0,3.0,highway,highway,0.0,0.0,2048.0,0.0,2048.0,0.0,,,,2048.0,6000.0,0.120,45.000,0.0,6000.0,0.000,45.000,,,,,,,,,
1004,highway,1,4,"LINESTRING (0.017882 -0.125179,19.688841 -9.692418)",45.000000,27.967682,45.000000,-1,,network_wide,-1,0,-1,-1,3.0,3.0,highway,highway,0.0,0.0,1952.0,0.0,1952.0,0.0,,,,1952.0,6000.0,0.114,45.000,0.0,6000.0,0.000,45.000,,,,,,,,,
4002,highway,4,2,"LINESTRING (19.688841 -9.692418,40.253933 0.053648)",0.010000,0.006215,0.010000,-1,,network_wide,-1,0,-1,-1,1.0,1.0,highway,highway,0.0,0.0,1952.0,4000.0,1952.0,4000.0,,,,1952.0,2000.0,19.520,19.530,4000.0,2000.0,40.000,40.010,,,,,,,,,
4002,highway,3,4,"LINESTRING (19.778254 14.806867,19.688841 -9.692418)",0.010000,0.006215,0.010000,-1,,network_wide,-1,0,-1,-1,0.0,3.0,highway,highway,0.0,0.0,0.0,4000.0,0.0,4000.0,,,,0.0,0.0,0.000,999999.000,4000.0,6000.0,13.333,0.010,,,,,,,,,
