link_id,name,from_node_id,to_node_id,facility_type,link_type,dir_flag,length,lanes,free_speed,capacity,main_node_id,movement_str,NEMA_phase_number,geometry,
5512AB,,849,9798,,1,1,0.13160,1,15.0,99999.0,,,,"LINESTRING (-112.067463 33.456560, -112.065185 33.456543)"
5512BA,,9798,849,,1,1,0.13160,1,15.0,99999.0,,,,"LINESTRING (-112.065185 33.456545, -112.067463 33.456562)"
5549AB,,9839,9840,,1,1,0.58929,4,70.0,18560.0,,,,"LINESTRING (-112.070300 33.462034, -112.060144 33.461671)"
5550AB,,9841,9842,,1,1,0.61168,4,70.0,18560.0,,,,"LINESTRING (-112.059426 33.462101, -112.069988 33.462600)"
5551AB,,9843,9844,,1,1,0.13340,1,25.0,1390.0,,,,"LINESTRING (-112.067481 33.458648, -112.065172 33.458681)"
5551BA,,9844,9843,,1,1,0.13340,1,25.0,1390.0,,,,"LINESTRING (-112.065172 33.458683, -112.067481 33.458650)"
5590AB,,9909,9910,,1,1,0.58581,1,70.0,8134.0,,,,"LINESTRING (-112.069610 33.462225, -112.059497 33.461731)"
5593AB,,9915,9916,,1,1,0.59905,1,70.0,8134.0,,,,"LINESTRING (-112.059668 33.462053, -112.070009 33.462505)"
5594AB,,9915,9917,,1,1,0.50221,1,39.0,4558.0,,,,"LINESTRING (-112.059668 33.462053, -112.068342 33.462454)"
5596AB,,9920,9921,,1,1,0.43846,1,39.0,4558.0,,,,"LINESTRING (-112.069128 33.462365, -112.061566 33.461872)"
5605AB,,9933,9934,,1,1,0.09392,2,39.0,9116.0,,,,"LINESTRING (-112.068104 33.461885, -112.066512 33.461608)"
5606AB,,9935,9936,,1,1,0.11883,2,39.0,9116.0,,,,"LINESTRING (-112.065051 33.462198, -112.066742 33.463038)"
5607AB,,9937,9936,,1,1,0.11057,1,39.0,4558.0,,,,"LINESTRING (-112.065219 33.463634, -112.066742 33.463038)"
6971AB,,831,10730,,1,1,0.26159,1,15.0,99999.0,,,,"LINESTRING (-112.094929 33.454858, -112.095606 33.458611)"
6971BA,,10730,831,,1,1,0.26159,1,15.0,99999.0,,,,"LINESTRING (-112.095608 33.458611, -112.094931 33.454858)"
6977AB,,10736,10737,,1,1,0.48997,2,70.0,9280.0,,,,"LINESTRING (-112.109403 33.460795, -112.108223 33.453911)"
6982AB,,10743,10744,,1,1,0.08394,2,39.0,9116.0,,,,"LINESTRING (-112.099689 33.461051, -112.098245 33.461188)"
6983AB,,10745,10746,,1,1,0.25503,2,70.0,9280.0,,,,"LINESTRING (-112.098882 33.461923, -112.103290 33.462105)"
6984AB,,10745,10747,,1,1,0.42331,3,70.0,13920.0,,,,"LINESTRING (-112.098882 33.461923, -112.106210 33.461960)"
6985AB,,10748,10749,,1,1,0.24735,1,25.0,1390.0,,,,"LINESTRING (-112.091250 33.458634, -112.091260 33.455045)"
6985BA,,10749,10748,,1,1,0.24735,1,25.0,1390.0,,,,"LINESTRING (-112.091258 33.455045, -112.091248 33.458634)"
6986AB,,10748,10750,,1,1,0.70793,1,35.0,2469.0,,,,"LINESTRING (-112.091250 33.458633, -112.082525 33.451420)"
6986BA,,10750,10748,,1,1,0.70793,1,35.0,2469.0,,,,"LINESTRING (-112.082523 33.451422, -112.091248 33.458635)"
6989AB,,10752,10754,,1,1,0.19966,4,70.0,18560.0,,,,"LINESTRING (-112.107958 33.455459, -112.107930 33.458356)"
6991AB,,10757,10758,,1,1,0.42074,2,25.0,2780.0,,,,"LINESTRING (-112.108560 33.459098, -112.108561 33.452993)"
6992AB,,10759,10730,,1,1,0.25626,1,25.0,1390.0,,,,"LINESTRING (-112.100043 33.458587, -112.095607 33.458610)"
6992BA,,10730,10759,,1,1,0.25626,1,25.0,1390.0,,,,"LINESTRING (-112.095607 33.458612, -112.100043 33.458589)"
6993AB,,10759,10731,,1,1,0.25246,2,35.0,4938.0,,,,"LINESTRING (-112.100044 33.458588, -112.100083 33.454925)"
6993BA,,10731,10759,,1,1,0.25246,2,35.0,4938.0,,,,"LINESTRING (-112.100081 33.454925, -112.100042 33.458588)"
7007AB,,10785,10786,,1,1,0.19488,1,70.0,8134.0,,,,"LINESTRING (-112.097936 33.461874, -112.101309 33.461855)"
7008AB,,10787,10788,,1,1,0.24816,1,70.0,8134.0,,,,"LINESTRING (-112.100184 33.461589, -112.095888 33.461568)"
7009AB,,10789,10790,,1,1,0.36161,5,70.0,23200.0,,,,"LINESTRING (-112.100201 33.461491, -112.093941 33.461515)"
7010AB,,10791,10737,,1,1,0.43738,1,70.0,4640.0,,,,"LINESTRING (-112.108444 33.460252, -112.108223 33.453911)"
7011AB,,10792,10793,,1,1,0.50296,1,15.0,99999.0,,,,"LINESTRING (-112.073890 33.451511, -112.073907 33.458809)"
7011BA,,10793,10792,,1,1,0.50296,1,15.0,99999.0,,,,"LINESTRING (-112.073909 33.458809, -112.073892 33.451511)"
7012AB,,10794,10795,,1,1,0.54365,2,25.0,2780.0,,,,"LINESTRING (-112.107795 33.451380, -112.107216 33.459237)"
7015AB,,10799,10800,,1,1,0.04488,1,39.0,4558.0,,,,"LINESTRING (-112.099089 33.462130, -112.099866 33.462124)"
7016AB,,10799,10801,,1,1,0.05402,1,39.0,4558.0,,,,"LINESTRING (-112.099089 33.462130, -112.099938 33.462282)"
7017AB,,10799,10802,,1,1,0.05848,1,39.0,4558.0,,,,"LINESTRING (-112.099089 33.462130, -112.100062 33.462017)"
7886AB,,849,10816,,1,1,0.20283,1,15.0,99999.0,,,,"LINESTRING (-112.067464 33.456562, -112.069961 33.454493)"
7886BA,,10816,849,,1,1,0.20283,1,15.0,99999.0,,,,"LINESTRING (-112.069959 33.454491, -112.067462 33.456560)"
8015AB,,11333,10755,,1,1,0.27223,2,25.0,2780.0,,,,"LINESTRING (-112.080173 33.458693, -112.080156 33.454743)"
46879AB,,41512,10769,,1,1,0.22367,3,25.0,4170.0,,,,"LINESTRING (-112.067484 33.453549, -112.068712 33.456544)"
40131AB,,3188,37144,,1,1,0.08124,1,15.0,99999.0,,,,"LINESTRING (-112.098655 33.463484, -112.100001 33.463826)"
40131BA,,37144,3188,,1,1,0.08124,1,15.0,99999.0,,,,"LINESTRING (-112.100001 33.463824, -112.098655 33.463482)"
40132AB,,37145,10808,,1,1,0.19564,2,37.0,3254.0,,,,"LINESTRING (-112.097555 33.463864, -112.099961 33.465862)"
40132BA,,10808,37145,,1,1,0.19564,2,37.0,3254.0,,,,"LINESTRING (-112.099963 33.465860, -112.097557 33.463862)"
7311AB,,10976,10977,,1,1,0.20755,2,70.0,9280.0,,,,"LINESTRING (-112.112587 33.462133, -112.116180 33.462112)"
7321AB,,10989,10977,,1,1,0.19344,4,70.0,18560.0,,,,"LINESTRING (-112.112839 33.461921, -112.116180 33.462112)"
7323AB,,10992,10993,,1,1,0.25803,1,70.0,8134.0,,,,"LINESTRING (-112.116916 33.461789, -112.112451 33.461681)"
7324AB,,10994,10995,,1,1,0.34717,1,70.0,4640.0,,,,"LINESTRING (-112.116966 33.461662, -112.110971 33.461374)"
7325AB,,10994,10996,,1,1,0.26024,5,70.0,23200.0,,,,"LINESTRING (-112.116966 33.461662, -112.112461 33.461626)"
7326AB,,10997,10998,,1,1,0.16914,1,70.0,8134.0,,,,"LINESTRING (-112.113258 33.461866, -112.116180 33.462024)"
7398AB,,10746,11034,,1,1,0.26752,2,70.0,9280.0,,,,"LINESTRING (-112.103290 33.462105, -112.107713 33.462980)"
7399AB,,11035,10990,,1,1,0.54796,1,70.0,4640.0,,,,"LINESTRING (-112.108466 33.464121, -112.112143 33.471447)"
7400AB,,11036,11037,,1,1,0.20110,2,70.0,9280.0,,,,"LINESTRING (-112.109808 33.464978, -112.108917 33.462170)"
7401AB,,10753,11038,,1,1,0.18013,1,70.0,4640.0,,,,"LINESTRING (-112.107694 33.457752, -112.107112 33.460313)"
7402AB,,11034,11039,,1,1,0.17976,2,70.0,9280.0,,,,"LINESTRING (-112.107713 33.462980, -112.109285 33.465220)"
7403AB,,11040,11041,,1,1,0.23432,2,70.0,9280.0,,,,"LINESTRING (-112.108663 33.463208, -112.110035 33.466406)"
7404AB,,10747,10989,,1,1,0.38293,3,70.0,13920.0,,,,"LINESTRING (-112.106210 33.461960, -112.112839 33.461921)"
7405AB,,11042,11043,,1,1,0.29228,3,70.0,13920.0,,,,"LINESTRING (-112.110551 33.467185, -112.108797 33.463207)"
7406AB,,11042,11044,,1,1,0.29049,1,70.0,4640.0,,,,"LINESTRING (-112.110551 33.467185, -112.110149 33.463113)"
7407AB,,10996,11045,,1,1,0.69370,3,70.0,13920.0,,,,"LINESTRING (-112.112461 33.461626, -112.100453 33.461490)"
7408AB,,10795,11032,,1,1,0.34560,2,25.0,2780.0,,,,"LINESTRING (-112.107216 33.459237, -112.107984 33.464024)"
7409AB,,11046,11047,,1,1,0.23123,2,25.0,2780.0,,,,"LINESTRING (-112.110326 33.465670, -112.109399 33.462406)"
7411AB,,10993,11049,,1,1,0.65428,1,70.0,8134.0,,,,"LINESTRING (-112.112451 33.461681, -112.101125 33.461583)"
7412AB,,10786,10997,,1,1,0.69026,1,70.0,8134.0,,,,"LINESTRING (-112.101309 33.461855, -112.113258 33.461866)"
7413AB,,11037,11050,,1,1,0.11978,2,70.0,9280.0,,,,"LINESTRING (-112.108917 33.462170, -112.107351 33.461109)"
7414AB,,11051,10791,,1,1,0.20645,1,70.0,4640.0,,,,"LINESTRING (-112.106268 33.462135, -112.108444 33.460252)"
7415AB,,10808,37144,,1,1,0.14033,2,35.0,4938.0,,,,"LINESTRING (-112.099963 33.465861, -112.100002 33.463825)"
7415BA,,37144,10808,,1,1,0.14033,3,35.0,7407.0,,,,"LINESTRING (-112.100000 33.463825, -112.099961 33.465861)"
7459AB,,11033,11061,,1,1,0.05814,3,30.0,10311.0,,,,"LINESTRING (-112.108148 33.464263, -112.108686 33.464976)"
7416AB,,11047,10757,,1,1,0.23307,2,25.0,2780.0,,,,"LINESTRING (-112.109399 33.462406, -112.108560 33.459098)"
7417AB,,10753,11053,,1,1,0.19821,1,70.0,4640.0,,,,"LINESTRING (-112.107694 33.457752, -112.107737 33.460616)"
7418AB,,11043,10742,,1,1,0.38610,3,70.0,13920.0,,,,"LINESTRING (-112.108797 33.463207, -112.108130 33.457653)"
7419AB,,11054,10742,,1,1,0.19363,1,30.0,3437.0,,,,"LINESTRING (-112.108606 33.460423, -112.108130 33.457653)"
7420AB,,10754,11032,,1,1,0.39397,1,39.0,4558.0,,,,"LINESTRING (-112.107930 33.458356, -112.107984 33.464024)"
7421AB,,10754,11040,,1,1,0.33825,2,70.0,9280.0,,,,"LINESTRING (-112.107930 33.458356, -112.108663 33.463208)"
7422AB,,10996,10736,,1,1,0.18873,2,70.0,9280.0,,,,"LINESTRING (-112.112461 33.461626, -112.109403 33.460795)"
7423AB,,11044,10976,,1,1,0.16169,1,70.0,4640.0,,,,"LINESTRING (-112.110149 33.463113, -112.112587 33.462133)"
7424AB,,11055,10976,,1,1,0.12927,1,70.0,4640.0,,,,"LINESTRING (-112.110350 33.462184, -112.112587 33.462133)"
7425AB,,11047,11054,,1,1,0.14414,1,39.0,4558.0,,,,"LINESTRING (-112.109399 33.462406, -112.108606 33.460423)"
7426AB,,11056,11035,,1,1,0.18082,1,70.0,4640.0,,,,"LINESTRING (-112.109488 33.461778, -112.108466 33.464121)"
7427AB,,10995,11056,,1,1,0.09092,1,70.0,4640.0,,,,"LINESTRING (-112.110971 33.461374, -112.109488 33.461778)"
7428AB,,11053,11055,,1,1,0.19403,1,70.0,4640.0,,,,"LINESTRING (-112.107737 33.460616, -112.110350 33.462184)"
7397AB,,11032,11033,,1,1,0.01900,2,25.0,2780.0,,,,"LINESTRING (-112.107984 33.464024, -112.108148 33.464263)"
7436AB,,11042,11036,,1,1,0.15804,2,70.0,9280.0,,,,"LINESTRING (-112.110551 33.467185, -112.109808 33.464978)"
7438AB,,11039,11041,,1,1,0.09251,2,70.0,9280.0,,,,"LINESTRING (-112.109285 33.465220, -112.110035 33.466406)"
7439AB,,11061,11062,,1,1,0.09141,1,39.0,4558.0,,,,"LINESTRING (-112.108686 33.464976, -112.109670 33.465942)"
7458AB,,11061,11073,,1,1,0.04404,2,39.0,9116.0,,,,"LINESTRING (-112.108686 33.464976, -112.109051 33.465537)"
7462AB,,11073,11063,,1,1,0.02765,2,39.0,9116.0,,,,"LINESTRING (-112.109051 33.465537, -112.109268 33.465894)"
7465AB,,11073,11066,,1,1,0.03292,1,39.0,4558.0,,,,"LINESTRING (-112.109051 33.465537, -112.108650 33.465821)"
7466AB,,10746,11051,,1,1,0.17203,1,70.0,4640.0,,,,"LINESTRING (-112.103290 33.462105, -112.106268 33.462135)"
7467AB,,11050,11074,,1,1,0.32213,2,70.0,9280.0,,,,"LINESTRING (-112.107351 33.461109, -112.101812 33.461348)"
7468AB,,11038,11074,,1,1,0.31957,1,70.0,4640.0,,,,"LINESTRING (-112.107112 33.460313, -112.101812 33.461348)"
7469AB,,11075,10759,,1,1,0.14378,2,35.0,4938.0,,,,"LINESTRING (-112.100002 33.460674, -112.100044 33.458588)"
7469BA,,10759,11075,,1,1,0.14378,2,35.0,4938.0,,,,"LINESTRING (-112.100042 33.458588, -112.100000 33.460674)"
7470AB,,11074,11045,,1,1,0.07911,2,70.0,9280.0,,,,"LINESTRING (-112.101812 33.461348, -112.100453 33.461490)"
7471AB,,11076,10801,,1,1,0.09091,3,35.0,7407.0,,,,"LINESTRING (-112.099926 33.460963, -112.099938 33.462282)"
7472AB,,11052,10802,,1,1,0.03692,2,35.0,4938.0,,,,"LINESTRING (-112.100025 33.462548, -112.100062 33.462017)"
7473AB,,10800,10801,,1,1,0.01210,1,39.0,4558.0,,,,"LINESTRING (-112.099866 33.462124, -112.099938 33.462282)"
7474AB,,11045,10789,,1,1,0.01456,5,70.0,23200.0,,,,"LINESTRING (-112.100453 33.461490, -112.100201 33.461491)"
7475AB,,11049,10787,,1,1,0.05436,1,70.0,8134.0,,,,"LINESTRING (-112.101125 33.461583, -112.100184 33.461589)"
7476AB,,11077,11075,,1,1,0.04929,2,35.0,4938.0,,,,"LINESTRING (-112.100036 33.461387, -112.100001 33.460674)"
7477AB,,11077,10743,,1,1,0.03897,1,39.0,4558.0,,,,"LINESTRING (-112.100036 33.461387, -112.099689 33.461051)"
7478AB,,11076,10743,,1,1,0.01497,1,39.0,4558.0,,,,"LINESTRING (-112.099926 33.460963, -112.099689 33.461051)"
7479AB,,11075,11076,,1,1,0.02041,3,35.0,7407.0,,,,"LINESTRING (-112.100001 33.460674, -112.099926 33.460963)"
7480AB,,10802,11077,,1,1,0.04344,2,35.0,4938.0,,,,"LINESTRING (-112.100062 33.462017, -112.100036 33.461387)"
7481AB,,10787,10789,,1,1,0.00683,1,70.0,99999.0,,,,"LINESTRING (-112.100185 33.461589, -112.100202 33.461491)"
7481BA,,10789,10787,,1,1,0.00683,1,70.0,99999.0,,,,"LINESTRING (-112.100200 33.461491, -112.100183 33.461589)"
7482AB,,10800,10802,,1,1,0.01550,1,39.0,4558.0,,,,"LINESTRING (-112.099866 33.462124, -112.100062 33.462017)"
40130AB,,37144,11052,,1,1,0.08802,2,35.0,4938.0,,,,"LINESTRING (-112.100002 33.463825, -112.100026 33.462548)"
40130BA,,11052,37144,,1,1,0.08802,3,35.0,7407.0,,,,"LINESTRING (-112.100024 33.462548, -112.100000 33.463825)"
7483AB,,10801,11052,,1,1,0.02024,3,35.0,7407.0,,,,"LINESTRING (-112.099938 33.462282, -112.100025 33.462548)"
7893AB,,830,11256,,1,1,0.20664,1,15.0,99999.0,,,,"LINESTRING (-112.086240 33.463843, -112.082665 33.463732)"
7893BA,,11256,830,,1,1,0.20664,1,15.0,99999.0,,,,"LINESTRING (-112.082665 33.463734, -112.086240 33.463845)"
7905AB,,11271,11272,,1,1,0.62426,4,70.0,18560.0,,,,"LINESTRING (-112.077626 33.461881, -112.088329 33.461629)"
7906AB,,11273,11274,,1,1,0.32916,4,70.0,18560.0,,,,"LINESTRING (-112.088467 33.461161, -112.082797 33.460784)"
7907AB,,11275,11276,,1,1,0.25401,1,25.0,1390.0,,,,"LINESTRING (-112.082564 33.458675, -112.086961 33.458641)"
7907BA,,11276,11275,,1,1,0.25401,1,25.0,1390.0,,,,"LINESTRING (-112.086961 33.458639, -112.082564 33.458673)"
7908AB,,11277,11278,,1,1,0.56230,1,70.0,8134.0,,,,"LINESTRING (-112.078457 33.461785, -112.088094 33.461534)"
7909AB,,11279,11280,,1,1,0.37716,1,39.0,4558.0,,,,"LINESTRING (-112.080008 33.461382, -112.086479 33.461274)"
7910AB,,11281,11282,,1,1,0.60074,1,70.0,8134.0,,,,"LINESTRING (-112.088435 33.461268, -112.078133 33.461501)"
7911AB,,11281,11283,,1,1,0.43726,1,39.0,4558.0,,,,"LINESTRING (-112.088435 33.461268, -112.080901 33.461162)"
7913AB,,11286,11287,,1,1,0.06370,2,39.0,9116.0,,,,"LINESTRING (-112.083663 33.460408, -112.082697 33.460056)"
7914AB,,11286,11288,,1,1,0.07778,2,39.0,9116.0,,,,"LINESTRING (-112.083663 33.460408, -112.082529 33.460995)"
7915AB,,11288,11289,,1,1,0.07094,2,39.0,9116.0,,,,"LINESTRING (-112.082529 33.460995, -112.083553 33.461539)"
7916AB,,11290,11289,,1,1,0.08654,1,39.0,4558.0,,,,"LINESTRING (-112.082756 33.462323, -112.083553 33.461539)"
40127AB,,3187,10760,,1,1,0.21796,1,15.0,99999.0,,,,"LINESTRING (-112.086124 33.457742, -112.082553 33.456721)"
40127BA,,10760,3187,,1,1,0.21796,1,15.0,99999.0,,,,"LINESTRING (-112.082553 33.456723, -112.086124 33.457744)"
7918AB,,830,11269,,1,1,0.14454,1,15.0,99999.0,,,,"LINESTRING (-112.086239 33.463844, -112.087043 33.465830)"
7918BA,,11269,830,,1,1,0.14454,1,15.0,99999.0,,,,"LINESTRING (-112.087045 33.465830, -112.086241 33.463844)"
7919AB,,830,11291,,1,1,0.29236,1,15.0,99999.0,,,,"LINESTRING (-112.086240 33.463845, -112.091299 33.463714)"
7919BA,,11291,830,,1,1,0.29236,1,15.0,99999.0,,,,"LINESTRING (-112.091299 33.463712, -112.086240 33.463843)"
7921AB,,11292,11291,,1,1,0.14617,1,25.0,1390.0,,,,"LINESTRING (-112.091302 33.465834, -112.091300 33.463713)"
7921BA,,11291,11292,,1,1,0.14617,1,25.0,1390.0,,,,"LINESTRING (-112.091298 33.463713, -112.091300 33.465834)"
7922AB,,11272,11293,,1,1,0.22969,5,70.0,23200.0,,,,"LINESTRING (-112.088329 33.461629, -112.092281 33.461982)"
7923AB,,10748,11276,,1,1,0.24770,1,25.0,1390.0,,,,"LINESTRING (-112.091249 33.458633, -112.086961 33.458639)"
7923BA,,11276,10748,,1,1,0.24770,1,25.0,1390.0,,,,"LINESTRING (-112.086961 33.458641, -112.091249 33.458635)"
7924AB,,11294,11281,,1,1,0.22340,1,70.0,8134.0,,,,"LINESTRING (-112.092280 33.461616, -112.088435 33.461268)"
7925AB,,11295,11273,,1,1,0.22162,5,70.0,23200.0,,,,"LINESTRING (-112.092280 33.461517, -112.088467 33.461161)"
7926AB,,11278,11296,,1,1,0.24327,1,70.0,8134.0,,,,"LINESTRING (-112.088094 33.461534, -112.092281 33.461897)"
40129AB,,3187,11297,,1,1,0.33556,1,15.0,99999.0,,,,"LINESTRING (-112.086124 33.457744, -112.091278 33.459990)"
40129BA,,11297,3187,,1,1,0.33556,1,15.0,99999.0,,,,"LINESTRING (-112.091278 33.459988, -112.086124 33.457742)"
7022AB,,10748,37145,,1,1,0.51244,2,37.0,3254.0,,,,"LINESTRING (-112.091248 33.458635, -112.097555 33.463864)"
7022BA,,37145,10748,,1,1,0.51244,2,37.0,3254.0,,,,"LINESTRING (-112.097557 33.463862, -112.091250 33.458633)"
7927AB,,11291,11297,,1,1,0.25665,1,25.0,1390.0,,,,"LINESTRING (-112.091300 33.463713, -112.091279 33.459989)"
7927BA,,11297,11291,,1,1,0.25665,1,25.0,1390.0,,,,"LINESTRING (-112.091277 33.459989, -112.091298 33.463713)"
7928AB,,10744,10790,,1,1,0.24974,1,30.0,3437.0,,,,"LINESTRING (-112.098245 33.461188, -112.093941 33.461515)"
7929AB,,10748,10730,,1,1,0.25175,1,25.0,1390.0,,,,"LINESTRING (-112.091249 33.458635, -112.095607 33.458612)"
7929BA,,10730,10748,,1,1,0.25175,1,25.0,1390.0,,,,"LINESTRING (-112.095607 33.458610, -112.091249 33.458633)"
7930AB,,11293,11298,,1,1,0.17560,5,70.0,23200.0,,,,"LINESTRING (-112.092281 33.461982, -112.095321 33.461990)"
7931AB,,11296,11299,,1,1,0.18029,1,70.0,8134.0,,,,"LINESTRING (-112.092281 33.461897, -112.095402 33.461920)"
7932AB,,10788,11294,,1,1,0.20844,1,70.0,8134.0,,,,"LINESTRING (-112.095888 33.461568, -112.092280 33.461616)"
7933AB,,11298,11300,,1,1,0.15923,1,39.0,4558.0,,,,"LINESTRING (-112.095321 33.461990, -112.098065 33.462160)"
7934AB,,11298,11301,,1,1,0.15109,5,70.0,23200.0,,,,"LINESTRING (-112.095321 33.461990, -112.097936 33.461944)"
7935AB,,11299,10785,,1,1,0.14641,1,70.0,8134.0,,,,"LINESTRING (-112.095402 33.461920, -112.097936 33.461874)"
7936AB,,11301,10745,,1,1,0.05466,5,70.0,23200.0,,,,"LINESTRING (-112.097936 33.461944, -112.098882 33.461923)"
7937AB,,11300,10799,,1,1,0.05919,3,30.0,10311.0,,,,"LINESTRING (-112.098065 33.462160, -112.099089 33.462130)"
7938AB,,11301,10785,,1,1,0.00482,1,70.0,99999.0,,,,"LINESTRING (-112.097937 33.461944, -112.097937 33.461874)"
7938BA,,10785,11301,,1,1,0.00482,1,70.0,99999.0,,,,"LINESTRING (-112.097935 33.461874, -112.097935 33.461944)"
40133AB,,3188,37145,,1,1,0.06867,1,15.0,99999.0,,,,"LINESTRING (-112.098655 33.463482, -112.097556 33.463862)"
40133BA,,37145,3188,,1,1,0.06867,1,15.0,99999.0,,,,"LINESTRING (-112.097556 33.463864, -112.098655 33.463484)"
7939AB,,11297,10748,,1,1,0.09340,1,25.0,1390.0,,,,"LINESTRING (-112.091279 33.459989, -112.091250 33.458634)"
7939BA,,10748,11297,,1,1,0.09340,1,25.0,1390.0,,,,"LINESTRING (-112.091248 33.458634, -112.091277 33.459989)"
7940AB,,10790,11295,,1,1,0.09595,5,70.0,23200.0,,,,"LINESTRING (-112.093941 33.461515, -112.092280 33.461517)"
7941AB,,11294,11295,,1,1,0.00682,1,70.0,99999.0,,,,"LINESTRING (-112.092281 33.461616, -112.092281 33.461517)"
7941BA,,11295,11294,,1,1,0.00682,1,70.0,99999.0,,,,"LINESTRING (-112.092279 33.461517, -112.092279 33.461616)"
7942AB,,11293,11296,,1,1,0.00586,1,70.0,99999.0,,,,"LINESTRING (-112.092282 33.461982, -112.092282 33.461897)"
7942BA,,11296,11293,,1,1,0.00586,1,70.0,99999.0,,,,"LINESTRING (-112.092280 33.461897, -112.092280 33.461982)"
7947AB,,11302,11272,,1,1,0.10560,1,30.0,3437.0,,,,"LINESTRING (-112.086501 33.461608, -112.088329 33.461629)"
7948AB,,11273,11303,,1,1,0.19515,1,39.0,4558.0,,,,"LINESTRING (-112.088467 33.461161, -112.085153 33.460611)"
7949AB,,11280,11304,,1,1,0.04297,1,39.0,4558.0,,,,"LINESTRING (-112.086479 33.461274, -112.087212 33.461380)"
7950AB,,11304,11278,,1,1,0.05204,1,30.0,3437.0,,,,"LINESTRING (-112.087212 33.461380, -112.088094 33.461534)"
40128AB,,3187,11276,,1,1,0.07848,1,15.0,99999.0,,,,"LINESTRING (-112.086123 33.457744, -112.086960 33.458641)"
40128BA,,11276,3187,,1,1,0.07848,1,15.0,99999.0,,,,"LINESTRING (-112.086962 33.458639, -112.086125 33.457742)"
7951AB,,11289,11302,,1,1,0.17036,1,39.0,4558.0,,,,"LINESTRING (-112.083553 33.461539, -112.086501 33.461608)"
7952AB,,11303,11305,,1,1,0.00934,2,30.0,6874.0,,,,"LINESTRING (-112.085153 33.460611, -112.084992 33.460599)"
7953AB,,11305,11286,,1,1,0.07789,3,39.0,13674.0,,,,"LINESTRING (-112.084992 33.460599, -112.083663 33.460408)"
7984AB,,836,11312,,1,1,0.24332,1,15.0,99999.0,,,,"LINESTRING (-112.078006 33.463878, -112.073808 33.463587)"
7984BA,,11312,836,,1,1,0.24332,1,15.0,99999.0,,,,"LINESTRING (-112.073808 33.463589, -112.078006 33.463880)"
7986AB,,844,11313,,1,1,0.15770,1,15.0,99999.0,,,,"LINESTRING (-112.070911 33.463512, -112.071601 33.465726)"
7986BA,,11313,844,,1,1,0.15770,1,15.0,99999.0,,,,"LINESTRING (-112.071603 33.465726, -112.070913 33.463512)"
7987AB,,11270,11256,,1,1,0.14399,2,35.0,4938.0,,,,"LINESTRING (-112.082627 33.465822, -112.082666 33.463733)"
7987BA,,11256,11270,,1,1,0.14399,3,35.0,7407.0,,,,"LINESTRING (-112.082664 33.463733, -112.082625 33.465822)"
7989AB,,11315,11312,,1,1,0.14776,2,35.0,4938.0,,,,"LINESTRING (-112.073819 33.465732, -112.073809 33.463588)"
7989BA,,11312,11315,,1,1,0.14776,2,35.0,4938.0,,,,"LINESTRING (-112.073807 33.463588, -112.073817 33.465732)"
7990AB,,11316,11317,,1,1,0.14829,2,25.0,2780.0,,,,"LINESTRING (-112.069458 33.465723, -112.069392 33.463572)"
7990BA,,11317,11316,,1,1,0.14829,2,25.0,2780.0,,,,"LINESTRING (-112.069390 33.463572, -112.069456 33.465723)"
7991AB,,11318,11319,,1,1,0.13495,2,25.0,2780.0,,,,"LINESTRING (-112.080277 33.465797, -112.080256 33.463839)"
7992AB,,11320,11321,,1,1,0.14418,2,25.0,2780.0,,,,"LINESTRING (-112.078225 33.463684, -112.078242 33.465776)"
7993AB,,11322,11323,,1,1,0.19842,5,70.0,23200.0,,,,"LINESTRING (-112.077298 33.461453, -112.073863 33.461439)"
7994AB,,11324,10811,,1,1,0.10104,1,25.0,1390.0,,,,"LINESTRING (-112.074675 33.458593, -112.076422 33.458661)"
7994BA,,10811,11324,,1,1,0.10104,1,25.0,1390.0,,,,"LINESTRING (-112.076422 33.458659, -112.074675 33.458591)"
7995AB,,11324,10762,,1,1,0.13778,3,35.0,7407.0,,,,"LINESTRING (-112.074675 33.458592, -112.075117 33.456674)"
7996AB,,11325,11271,,1,1,0.21753,5,70.0,23200.0,,,,"LINESTRING (-112.073861 33.461815, -112.077626 33.461881)"
7997AB,,11326,11277,,1,1,0.26560,1,70.0,8134.0,,,,"LINESTRING (-112.073860 33.461708, -112.078457 33.461785)"
7998AB,,11282,11327,,1,1,0.24671,1,70.0,8134.0,,,,"LINESTRING (-112.078133 33.461501, -112.073863 33.461576)"
7999AB,,11285,10793,,1,1,0.46197,1,15.0,99999.0,,,,"LINESTRING (-112.073973 33.465512, -112.073909 33.458809)"
7999BA,,10793,11285,,1,1,0.46197,1,15.0,99999.0,,,,"LINESTRING (-112.073907 33.458809, -112.073971 33.465512)"
8000AB,,836,11319,,1,1,0.13000,1,15.0,99999.0,,,,"LINESTRING (-112.078006 33.463880, -112.080256 33.463840)"
8000BA,,11319,836,,1,1,0.13000,1,15.0,99999.0,,,,"LINESTRING (-112.080256 33.463838, -112.078006 33.463878)"
8001AB,,837,11328,,1,1,0.15521,1,15.0,99999.0,,,,"LINESTRING (-112.077484 33.459993, -112.080169 33.460079)"
8001BA,,11328,837,,1,1,0.15521,1,15.0,99999.0,,,,"LINESTRING (-112.080169 33.460077, -112.077484 33.459991)"
8002AB,,11271,11329,,1,1,0.15033,1,39.0,4558.0,,,,"LINESTRING (-112.077626 33.461881, -112.080204 33.461746)"
8003AB,,11330,11322,,1,1,0.09107,1,30.0,3437.0,,,,"LINESTRING (-112.078854 33.461240, -112.077298 33.461453)"
8004AB,,11331,11332,,1,1,0.09332,2,25.0,2780.0,,,,"LINESTRING (-112.077785 33.459895, -112.077810 33.461246)"
8005AB,,10813,11333,,1,1,0.14074,1,25.0,1390.0,,,,"LINESTRING (-112.077737 33.458664, -112.080173 33.458694)"
8005BA,,11333,10813,,1,1,0.14074,1,25.0,1390.0,,,,"LINESTRING (-112.080173 33.458692, -112.077737 33.458662)"
8006AB,,11274,11322,,1,1,0.32210,4,70.0,18560.0,,,,"LINESTRING (-112.082797 33.460784, -112.077298 33.461453)"
8007AB,,11334,11287,,1,1,0.06480,2,35.0,4938.0,,,,"LINESTRING (-112.082722 33.460996, -112.082697 33.460056)"
8008AB,,11335,11328,,1,1,0.07421,2,25.0,2780.0,,,,"LINESTRING (-112.079899 33.461124, -112.080169 33.460078)"
8009AB,,11336,11337,,1,1,0.16248,1,39.0,4558.0,,,,"LINESTRING (-112.080796 33.461178, -112.078034 33.461600)"
8010AB,,11338,11288,,1,1,0.05466,3,35.0,7407.0,,,,"LINESTRING (-112.082514 33.460202, -112.082529 33.460995)"
8011AB,,11338,11339,,1,1,0.08671,1,39.0,4558.0,,,,"LINESTRING (-112.082514 33.460202, -112.081196 33.460693)"
8012AB,,11340,11279,,1,1,0.11116,1,39.0,4558.0,,,,"LINESTRING (-112.078113 33.461652, -112.080008 33.461382)"
7024AB,,838,10810,,1,1,0.13979,1,15.0,99999.0,,,,"LINESTRING (-112.080451 33.456652, -112.080499 33.458680)"
7024BA,,10810,838,,1,1,0.13979,1,15.0,99999.0,,,,"LINESTRING (-112.080501 33.458680, -112.080453 33.456652)"
8013AB,,11275,10810,,1,1,0.11923,1,25.0,1390.0,,,,"LINESTRING (-112.082564 33.458673, -112.080500 33.458679)"
8013BA,,10810,11275,,1,1,0.11923,1,25.0,1390.0,,,,"LINESTRING (-112.080500 33.458681, -112.082564 33.458675)"
8014AB,,11275,10760,,1,1,0.13453,2,35.0,4938.0,,,,"LINESTRING (-112.082565 33.458674, -112.082554 33.456722)"
8014BA,,10760,11275,,1,1,0.13453,3,35.0,7407.0,,,,"LINESTRING (-112.082552 33.456722, -112.082563 33.458674)"
8016AB,,11341,11275,,1,1,0.08859,2,35.0,4938.0,,,,"LINESTRING (-112.082606 33.459959, -112.082565 33.458674)"
8016BA,,11275,11341,,1,1,0.08859,3,35.0,7407.0,,,,"LINESTRING (-112.082563 33.458674, -112.082604 33.459959)"
8017AB,,11287,11341,,1,1,0.00854,2,35.0,4938.0,,,,"LINESTRING (-112.082697 33.460056, -112.082605 33.459959)"
8018AB,,11341,11338,,1,1,0.01755,3,35.0,7407.0,,,,"LINESTRING (-112.082605 33.459959, -112.082514 33.460202)"
8019AB,,11328,11333,,1,1,0.09545,2,25.0,2780.0,,,,"LINESTRING (-112.080169 33.460078, -112.080173 33.458693)"
8020AB,,10810,11333,,1,1,0.01891,1,25.0,1390.0,,,,"LINESTRING (-112.080500 33.458679, -112.080173 33.458692)"
8020BA,,11333,10810,,1,1,0.01891,1,25.0,1390.0,,,,"LINESTRING (-112.080173 33.458694, -112.080500 33.458681)"
8021AB,,11339,11330,,1,1,0.14044,1,39.0,4558.0,,,,"LINESTRING (-112.081196 33.460693, -112.078854 33.461240)"
8022AB,,11290,11334,,1,1,0.09148,2,35.0,4938.0,,,,"LINESTRING (-112.082756 33.462323, -112.082722 33.460996)"
8023AB,,11319,11342,,1,1,0.13806,2,25.0,2780.0,,,,"LINESTRING (-112.080256 33.463839, -112.079913 33.461875)"
8024AB,,11343,11344,,1,1,0.01886,3,39.0,13674.0,,,,"LINESTRING (-112.080816 33.461668, -112.081136 33.461614)"
8025AB,,11283,11336,,1,1,0.00617,1,30.0,3437.0,,,,"LINESTRING (-112.080901 33.461162, -112.080796 33.461178)"
8026AB,,11345,11346,,1,1,0.06412,3,35.0,7407.0,,,,"LINESTRING (-112.082541 33.461780, -112.082646 33.462678)"
8027AB,,11344,11345,,1,1,0.08880,1,39.0,4558.0,,,,"LINESTRING (-112.081136 33.461614, -112.082541 33.461780)"
8028AB,,11344,11334,,1,1,0.10361,2,39.0,9116.0,,,,"LINESTRING (-112.081136 33.461614, -112.082722 33.460996)"
8029AB,,11334,11339,,1,1,0.09762,2,39.0,9116.0,,,,"LINESTRING (-112.082722 33.460996, -112.081196 33.460693)"
8030AB,,11288,11345,,1,1,0.05410,3,35.0,7407.0,,,,"LINESTRING (-112.082529 33.460995, -112.082541 33.461780)"
8031AB,,11346,11256,,1,1,0.07272,3,35.0,7407.0,,,,"LINESTRING (-112.082645 33.462678, -112.082664 33.463733)"
8031BA,,11256,11346,,1,1,0.07272,2,35.0,4938.0,,,,"LINESTRING (-112.082666 33.463733, -112.082647 33.462678)"
8032AB,,11346,11290,,1,1,0.02729,2,35.0,4938.0,,,,"LINESTRING (-112.082646 33.462678, -112.082756 33.462323)"
8033AB,,11342,11335,,1,1,0.05199,2,25.0,2780.0,,,,"LINESTRING (-112.079913 33.461875, -112.079899 33.461124)"
8034AB,,11336,11335,,1,1,0.06098,1,30.0,3437.0,,,,"LINESTRING (-112.080796 33.461178, -112.079899 33.461124)"
8035AB,,11342,11279,,1,1,0.03547,1,30.0,3437.0,,,,"LINESTRING (-112.079913 33.461875, -112.080008 33.461382)"
8036AB,,11329,11343,,1,1,0.03576,2,30.0,6874.0,,,,"LINESTRING (-112.080204 33.461746, -112.080816 33.461668)"
7026AB,,841,10811,,1,1,0.14208,1,15.0,99999.0,,,,"LINESTRING (-112.075864 33.456652, -112.076421 33.458660)"
7026BA,,10811,841,,1,1,0.14208,1,15.0,99999.0,,,,"LINESTRING (-112.076423 33.458660, -112.075866 33.456652)"
46769AB,,41448,10813,,1,1,0.15178,2,25.0,2780.0,,,,"LINESTRING (-112.077689 33.456461, -112.077737 33.458663)"
8038AB,,10811,10813,,1,1,0.07596,1,25.0,1390.0,,,,"LINESTRING (-112.076422 33.458661, -112.077737 33.458664)"
8038BA,,10813,10811,,1,1,0.07596,1,25.0,1390.0,,,,"LINESTRING (-112.077737 33.458662, -112.076422 33.458659)"
8040AB,,837,10811,,1,1,0.11041,1,15.0,99999.0,,,,"LINESTRING (-112.077485 33.459991, -112.076423 33.458659)"
8040BA,,10811,837,,1,1,0.11041,1,15.0,99999.0,,,,"LINESTRING (-112.076421 33.458661, -112.077483 33.459993)"
8039AB,,10813,11331,,1,1,0.08495,2,25.0,2780.0,,,,"LINESTRING (-112.077737 33.458663, -112.077785 33.459895)"
8037AB,,837,11331,,1,1,0.01863,1,15.0,99999.0,,,,"LINESTRING (-112.077484 33.459993, -112.077785 33.459896)"
8037BA,,11331,837,,1,1,0.01863,1,15.0,99999.0,,,,"LINESTRING (-112.077785 33.459894, -112.077484 33.459991)"
8042AB,,11347,11320,,1,1,0.13607,2,25.0,2780.0,,,,"LINESTRING (-112.077963 33.461732, -112.078225 33.463684)"
8043AB,,11332,11347,,1,1,0.03464,2,25.0,2780.0,,,,"LINESTRING (-112.077810 33.461246, -112.077963 33.461732)"
8044AB,,11332,11340,,1,1,0.03512,1,30.0,3437.0,,,,"LINESTRING (-112.077810 33.461246, -112.078113 33.461652)"
8045AB,,11337,11347,,1,1,0.01127,1,30.0,3437.0,,,,"LINESTRING (-112.078034 33.461600, -112.077963 33.461732)"
8041AB,,836,11320,,1,1,0.01846,1,15.0,99999.0,,,,"LINESTRING (-112.078007 33.463880, -112.078226 33.463685)"
8041BA,,11320,836,,1,1,0.01846,1,15.0,99999.0,,,,"LINESTRING (-112.078224 33.463683, -112.078005 33.463878)"
8059AB,,844,11317,,1,1,0.08795,1,15.0,99999.0,,,,"LINESTRING (-112.070912 33.463511, -112.069391 33.463571)"
8059BA,,11317,844,,1,1,0.08795,1,15.0,99999.0,,,,"LINESTRING (-112.069391 33.463573, -112.070912 33.463513)"
8060AB,,845,9843,,1,1,0.14845,1,15.0,99999.0,,,,"LINESTRING (-112.068987 33.460394, -112.067482 33.458648)"
8060BA,,9843,845,,1,1,0.14845,1,15.0,99999.0,,,,"LINESTRING (-112.067480 33.458650, -112.068985 33.460396)"
8061AB,,845,11350,,1,1,0.03995,1,15.0,99999.0,,,,"LINESTRING (-112.068987 33.460396, -112.069395 33.459928)"
8061BA,,11350,845,,1,1,0.03995,1,15.0,99999.0,,,,"LINESTRING (-112.069393 33.459926, -112.068985 33.460394)"
8062AB,,9842,11325,,1,1,0.23017,5,70.0,23200.0,,,,"LINESTRING (-112.069988 33.462600, -112.073861 33.461815)"
8063AB,,11351,11324,,1,1,0.13978,2,35.0,4938.0,,,,"LINESTRING (-112.073801 33.460449, -112.074675 33.458592)"
8064AB,,11350,11352,,1,1,0.13736,2,25.0,2780.0,,,,"LINESTRING (-112.069393 33.459927, -112.069366 33.461920)"
8064BA,,11352,11350,,1,1,0.13736,2,25.0,2780.0,,,,"LINESTRING (-112.069368 33.461920, -112.069395 33.459927)"
8065AB,,11353,11351,,1,1,0.12302,2,35.0,4938.0,,,,"LINESTRING (-112.073814 33.458664, -112.073801 33.460449)"
8066AB,,10814,11354,,1,1,0.15436,1,25.0,1390.0,,,,"LINESTRING (-112.071255 33.458668, -112.069396 33.459661)"
8066BA,,11354,10814,,1,1,0.15436,1,25.0,1390.0,,,,"LINESTRING (-112.069396 33.459663, -112.071255 33.458670)"
8067AB,,11327,9909,,1,1,0.24971,1,70.0,8134.0,,,,"LINESTRING (-112.073863 33.461576, -112.069610 33.462225)"
8068AB,,11323,9839,,1,1,0.20986,5,70.0,23200.0,,,,"LINESTRING (-112.073863 33.461439, -112.070300 33.462034)"
8069AB,,9916,11326,,1,1,0.22913,1,70.0,8134.0,,,,"LINESTRING (-112.070009 33.462505, -112.073860 33.461708)"
8070AB,,10814,10815,,1,1,0.08885,1,25.0,1390.0,,,,"LINESTRING (-112.071255 33.458668, -112.069717 33.458649)"
8070BA,,10815,10814,,1,1,0.08885,1,25.0,1390.0,,,,"LINESTRING (-112.069717 33.458651, -112.071255 33.458670)"
8075AB,,845,10814,,1,1,0.17700,1,15.0,99999.0,,,,"LINESTRING (-112.068987 33.460396, -112.071256 33.458670)"
8075BA,,10814,845,,1,1,0.17700,1,15.0,99999.0,,,,"LINESTRING (-112.071254 33.458668, -112.068985 33.460394)"
7029AB,,846,10814,,1,1,0.14975,1,15.0,99999.0,,,,"LINESTRING (-112.071911 33.456567, -112.071254 33.458669)"
7029BA,,10814,846,,1,1,0.14975,1,15.0,99999.0,,,,"LINESTRING (-112.071256 33.458669, -112.071913 33.456567)"
8071AB,,11353,10814,,1,1,0.14783,1,25.0,1390.0,,,,"LINESTRING (-112.073814 33.458663, -112.071255 33.458668)"
8071BA,,10814,11353,,1,1,0.14783,1,25.0,1390.0,,,,"LINESTRING (-112.071255 33.458670, -112.073814 33.458665)"
8072AB,,10765,11353,,1,1,0.07101,2,35.0,4938.0,,,,"LINESTRING (-112.073779 33.457634, -112.073814 33.458664)"
46771AB,,41449,10765,,1,1,0.08229,2,35.0,4938.0,,,,"LINESTRING (-112.073762 33.456440, -112.073779 33.457634)"
8073AB,,11324,11353,,1,1,0.04998,2,25.0,2780.0,,,,"LINESTRING (-112.074675 33.458591, -112.073814 33.458663)"
8073BA,,11353,11324,,1,1,0.04998,2,25.0,2780.0,,,,"LINESTRING (-112.073814 33.458665, -112.074675 33.458593)"
8074AB,,10793,11353,,1,1,0.01000,1,15.0,99999.0,,,,"LINESTRING (-112.073909 33.458808, -112.073815 33.458663)"
8074BA,,11353,10793,,1,1,0.01000,1,15.0,99999.0,,,,"LINESTRING (-112.073813 33.458665, -112.073907 33.458810)"
8076AB,,844,11312,,1,1,0.16736,1,15.0,99999.0,,,,"LINESTRING (-112.070912 33.463513, -112.073808 33.463589)"
8076BA,,11312,844,,1,1,0.16736,1,15.0,99999.0,,,,"LINESTRING (-112.073808 33.463587, -112.070912 33.463511)"
8077AB,,11312,11351,,1,1,0.21633,2,35.0,4938.0,,,,"LINESTRING (-112.073809 33.463588, -112.073802 33.460449)"
8077BA,,11351,11312,,1,1,0.21633,2,35.0,4938.0,,,,"LINESTRING (-112.073800 33.460449, -112.073807 33.463588)"
8078AB,,11325,11326,,1,1,0.00737,1,70.0,99999.0,,,,"LINESTRING (-112.073862 33.461815, -112.073861 33.461708)"
8078BA,,11326,11325,,1,1,0.00737,1,70.0,99999.0,,,,"LINESTRING (-112.073859 33.461708, -112.073860 33.461815)"
8079AB,,11327,11323,,1,1,0.00944,1,70.0,99999.0,,,,"LINESTRING (-112.073864 33.461576, -112.073864 33.461439)"
8079BA,,11323,11327,,1,1,0.00944,1,70.0,99999.0,,,,"LINESTRING (-112.073862 33.461439, -112.073862 33.461576)"
7030AB,,849,9843,,1,1,0.14390,1,15.0,99999.0,,,,"LINESTRING (-112.067462 33.456561, -112.067480 33.458649)"
7030BA,,9843,849,,1,1,0.14390,1,15.0,99999.0,,,,"LINESTRING (-112.067482 33.458649, -112.067464 33.456561)"
7031AB,,849,10769,,1,1,0.07216,1,15.0,99999.0,,,,"LINESTRING (-112.067463 33.456562, -112.068712 33.456545)"
7031BA,,10769,849,,1,1,0.07216,1,15.0,99999.0,,,,"LINESTRING (-112.068712 33.456543, -112.067463 33.456560)"
7032AB,,10815,41451,,1,1,0.14970,3,25.0,4170.0,,,,"LINESTRING (-112.069717 33.458650, -112.069935 33.456504)"
8080AB,,11354,9843,,1,1,0.15896,1,25.0,1390.0,,,,"LINESTRING (-112.069396 33.459661, -112.067481 33.458648)"
8080BA,,9843,11354,,1,1,0.15896,1,25.0,1390.0,,,,"LINESTRING (-112.067481 33.458650, -112.069396 33.459663)"
8081AB,,10769,11355,,1,1,0.14961,3,25.0,4170.0,,,,"LINESTRING (-112.068712 33.456544, -112.069108 33.458659)"
8082AB,,11355,9843,,1,1,0.09399,1,25.0,1390.0,,,,"LINESTRING (-112.069108 33.458658, -112.067481 33.458648)"
8082BA,,9843,11355,,1,1,0.09399,1,25.0,1390.0,,,,"LINESTRING (-112.067481 33.458650, -112.069108 33.458660)"
8083AB,,11354,10815,,1,1,0.07291,3,25.0,4170.0,,,,"LINESTRING (-112.069396 33.459662, -112.069717 33.458650)"
8084AB,,11355,11354,,1,1,0.07211,3,25.0,4170.0,,,,"LINESTRING (-112.069108 33.458659, -112.069396 33.459662)"
8085AB,,10815,11355,,1,1,0.03519,1,25.0,1390.0,,,,"LINESTRING (-112.069717 33.458649, -112.069108 33.458658)"
8085BA,,11355,10815,,1,1,0.03519,1,25.0,1390.0,,,,"LINESTRING (-112.069108 33.458660, -112.069717 33.458651)"
8086AB,,11350,11354,,1,1,0.01826,3,25.0,4170.0,,,,"LINESTRING (-112.069395 33.459927, -112.069397 33.459662)"
8086BA,,11354,11350,,1,1,0.01826,3,25.0,4170.0,,,,"LINESTRING (-112.069395 33.459662, -112.069393 33.459927)"
8087AB,,11356,9842,,1,1,0.08760,1,30.0,3437.0,,,,"LINESTRING (-112.068495 33.462823, -112.069988 33.462600)"
8088AB,,9839,11357,,1,1,0.11199,1,39.0,4558.0,,,,"LINESTRING (-112.070300 33.462034, -112.068370 33.461932)"
8089AB,,11352,11358,,1,1,0.02891,2,25.0,2780.0,,,,"LINESTRING (-112.069367 33.461920, -112.069298 33.462314)"
8090AB,,11359,11360,,1,1,0.04858,1,39.0,4558.0,,,,"LINESTRING (-112.068492 33.462458, -112.069297 33.462530)"
8091AB,,11361,11362,,1,1,0.03067,2,25.0,2780.0,,,,"LINESTRING (-112.069416 33.462641, -112.069417 33.462196)"
8092AB,,11359,11362,,1,1,0.06216,1,39.0,4558.0,,,,"LINESTRING (-112.068492 33.462458, -112.069417 33.462196)"
8093AB,,11362,11352,,1,1,0.02028,2,25.0,2780.0,,,,"LINESTRING (-112.069417 33.462196, -112.069367 33.461920)"
8094AB,,11317,11363,,1,1,0.04494,2,25.0,2780.0,,,,"LINESTRING (-112.069392 33.463572, -112.069378 33.462920)"
8094BA,,11363,11317,,1,1,0.04494,2,25.0,2780.0,,,,"LINESTRING (-112.069376 33.462920, -112.069390 33.463572)"
8095AB,,11363,11361,,1,1,0.01984,2,25.0,2780.0,,,,"LINESTRING (-112.069377 33.462920, -112.069416 33.462641)"
8096AB,,11360,11363,,1,1,0.02832,2,25.0,2780.0,,,,"LINESTRING (-112.069297 33.462530, -112.069377 33.462920)"
8097AB,,11358,11360,,1,1,0.01489,2,25.0,2780.0,,,,"LINESTRING (-112.069298 33.462314, -112.069297 33.462530)"
8098AB,,11361,9920,,1,1,0.02832,1,39.0,4558.0,,,,"LINESTRING (-112.069416 33.462641, -112.069128 33.462365)"
8099AB,,11358,9920,,1,1,0.01043,1,39.0,4558.0,,,,"LINESTRING (-112.069298 33.462314, -112.069128 33.462365)"
8100AB,,11357,9933,,1,1,0.01570,1,30.0,3437.0,,,,"LINESTRING (-112.068370 33.461932, -112.068104 33.461885)"
8101AB,,9936,11356,,1,1,0.10234,1,39.0,4558.0,,,,"LINESTRING (-112.066742 33.463038, -112.068495 33.462823)"
8102AB,,9917,11359,,1,1,0.00867,1,30.0,3437.0,,,,"LINESTRING (-112.068342 33.462454, -112.068492 33.462458)"
10015AB,,854,12613,,1,1,0.26939,1,15.0,99999.0,,,,"LINESTRING (-112.060575 33.454985, -112.058900 33.458633)"
10015BA,,12613,854,,1,1,0.26939,1,15.0,99999.0,,,,"LINESTRING (-112.058902 33.458633, -112.060577 33.454985)"
10016AB,,854,9798,,1,1,0.28712,1,15.0,99999.0,,,,"LINESTRING (-112.060576 33.454986, -112.065185 33.456545)"
10016BA,,9798,854,,1,1,0.28712,1,15.0,99999.0,,,,"LINESTRING (-112.065185 33.456543, -112.060576 33.454984)"
10017AB,,915,12387,,1,1,0.27138,1,15.0,99999.0,,,,"LINESTRING (-112.042531 33.454793, -112.043311 33.458676)"
10017BA,,12387,915,,1,1,0.27138,1,15.0,99999.0,,,,"LINESTRING (-112.043313 33.458676, -112.042533 33.454793)"
10027AB,,12395,27803,,1,1,0.26562,2,35.0,4938.0,,,,"LINESTRING (-112.047634 33.458704, -112.047677 33.454850)"
10027BA,,27803,12395,,1,1,0.26562,3,35.0,7407.0,,,,"LINESTRING (-112.047675 33.454850, -112.047632 33.458704)"
10029AB,,12386,12398,,1,1,0.50551,1,25.0,99999.0,,,,"LINESTRING (-112.056471 33.458670, -112.056440 33.451335)"
10029BA,,12398,12386,,1,1,0.50551,1,25.0,99999.0,,,,"LINESTRING (-112.056438 33.451335, -112.056469 33.458670)"
10033AB,,9798,41514,,1,1,0.25962,3,35.0,7407.0,,,,"LINESTRING (-112.065186 33.456544, -112.065211 33.452777)"
10033BA,,41514,9798,,1,1,0.25962,3,35.0,7407.0,,,,"LINESTRING (-112.065209 33.452777, -112.065184 33.456544)"
46449AB,,3288,12594,,1,1,0.25593,1,15.0,99999.0,,,,"LINESTRING (-112.051978 33.454976, -112.052052 33.458689)"
46449BA,,12594,3288,,1,1,0.25593,1,15.0,99999.0,,,,"LINESTRING (-112.052054 33.458689, -112.051980 33.454976)"
10298AB,,853,12577,,1,1,0.21429,1,15.0,99999.0,,,,"LINESTRING (-112.051321 33.460038, -112.047645 33.459620)"
10298BA,,12577,853,,1,1,0.21429,1,15.0,99999.0,,,,"LINESTRING (-112.047645 33.459622, -112.051321 33.460040)"
10306AB,,12589,12590,,1,1,0.17945,1,39.0,4558.0,,,,"LINESTRING (-112.048022 33.462631, -112.051119 33.462456)"
10307AB,,12591,12592,,1,1,0.22313,1,39.0,4558.0,,,,"LINESTRING (-112.052790 33.461798, -112.048938 33.461557)"
10308AB,,12591,12593,,1,1,0.38752,5,70.0,23200.0,,,,"LINESTRING (-112.052790 33.461798, -112.046083 33.461820)"
10309AB,,12395,12594,,1,1,0.25533,1,25.0,1390.0,,,,"LINESTRING (-112.047633 33.458705, -112.052053 33.458690)"
10309BA,,12594,12395,,1,1,0.25533,1,25.0,1390.0,,,,"LINESTRING (-112.052053 33.458688, -112.047633 33.458703)"
10310AB,,12595,12596,,1,1,0.40841,5,70.0,23200.0,,,,"LINESTRING (-112.045565 33.462229, -112.052634 33.462275)"
10311AB,,12597,12598,,1,1,0.48634,1,70.0,8134.0,,,,"LINESTRING (-112.045572 33.462164, -112.053985 33.462125)"
10314AB,,12603,12604,,1,1,0.35567,1,70.0,8134.0,,,,"LINESTRING (-112.052228 33.461894, -112.046071 33.461856)"
18919AB,,2091,12637,,1,1,0.25510,1,15.0,99999.0,,,,"LINESTRING (-112.052057 33.464132, -112.047664 33.463752)"
18919BA,,12637,2091,,1,1,0.25510,1,15.0,99999.0,,,,"LINESTRING (-112.047664 33.463754, -112.052057 33.464134)"
10317AB,,852,12607,,1,1,0.15405,1,15.0,99999.0,,,,"LINESTRING (-112.060025 33.463575, -112.060763 33.465723)"
10317BA,,12607,852,,1,1,0.15405,1,15.0,99999.0,,,,"LINESTRING (-112.060765 33.465723, -112.060027 33.463575)"
10318AB,,852,12608,,1,1,0.21087,1,15.0,99999.0,,,,"LINESTRING (-112.060026 33.463574, -112.056376 33.463624)"
10318BA,,12608,852,,1,1,0.21087,1,15.0,99999.0,,,,"LINESTRING (-112.056376 33.463626, -112.060026 33.463576)"
10319AB,,852,12609,,1,1,0.30071,1,15.0,99999.0,,,,"LINESTRING (-112.060026 33.463576, -112.065132 33.464427)"
10319BA,,12609,852,,1,1,0.30071,1,15.0,99999.0,,,,"LINESTRING (-112.065132 33.464425, -112.060026 33.463574)"
10321AB,,12610,12608,,1,1,0.14550,1,25.0,1390.0,,,,"LINESTRING (-112.056345 33.465736, -112.056377 33.463625)"
10321BA,,12608,12610,,1,1,0.14550,1,25.0,1390.0,,,,"LINESTRING (-112.056375 33.463625, -112.056343 33.465736)"
10322AB,,12609,12611,,1,1,0.05032,3,35.0,7407.0,,,,"LINESTRING (-112.065133 33.464426, -112.065151 33.463696)"
10322BA,,12611,12609,,1,1,0.05032,3,35.0,7407.0,,,,"LINESTRING (-112.065149 33.463696, -112.065131 33.464426)"
10323AB,,9840,12612,,1,1,0.21535,5,70.0,23200.0,,,,"LINESTRING (-112.060144 33.461671, -112.056416 33.461652)"
10324AB,,12613,12386,,1,1,0.14045,1,25.0,1390.0,,,,"LINESTRING (-112.058901 33.458632, -112.056470 33.458669)"
10324BA,,12386,12613,,1,1,0.14045,1,25.0,1390.0,,,,"LINESTRING (-112.056470 33.458671, -112.058901 33.458634)"
10325AB,,12614,9841,,1,1,0.17342,6,70.0,27840.0,,,,"LINESTRING (-112.056424 33.462134, -112.059426 33.462101)"
10326AB,,12615,9915,,1,1,0.18739,1,70.0,8134.0,,,,"LINESTRING (-112.056424 33.462063, -112.059668 33.462053)"
10327AB,,9910,12616,,1,1,0.17792,1,70.0,8134.0,,,,"LINESTRING (-112.059497 33.461731, -112.056417 33.461723)"
46888AB,,2091,12588,,1,1,0.11141,1,15.0,99999.0,,,,"LINESTRING (-112.052056 33.464133, -112.052004 33.465749)"
46888BA,,12588,2091,,1,1,0.11141,1,15.0,99999.0,,,,"LINESTRING (-112.052006 33.465749, -112.052058 33.464133)"
10329AB,,12618,9844,,1,1,0.14225,3,35.0,7407.0,,,,"LINESTRING (-112.065168 33.460746, -112.065173 33.458682)"
10329BA,,9844,12618,,1,1,0.14225,3,35.0,7407.0,,,,"LINESTRING (-112.065171 33.458682, -112.065166 33.460746)"
10330AB,,12613,9844,,1,1,0.36227,1,25.0,1390.0,,,,"LINESTRING (-112.058901 33.458634, -112.065172 33.458683)"
10330BA,,9844,12613,,1,1,0.36227,1,25.0,1390.0,,,,"LINESTRING (-112.065172 33.458681, -112.058901 33.458632)"
10331AB,,12619,12620,,1,1,0.12849,1,39.0,4558.0,,,,"LINESTRING (-112.063255 33.461535, -112.061033 33.461622)"
10334AB,,12622,12623,,1,1,0.18732,2,39.0,9116.0,,,,"LINESTRING (-112.062075 33.462396, -112.065032 33.463246)"
10335AB,,12622,12621,,1,1,0.19493,2,39.0,9116.0,,,,"LINESTRING (-112.062075 33.462396, -112.065251 33.462210)"
10332AB,,9844,9798,,1,1,0.14735,3,35.0,7407.0,,,,"LINESTRING (-112.065173 33.458682, -112.065186 33.456544)"
10332BA,,9798,9844,,1,1,0.14735,3,35.0,7407.0,,,,"LINESTRING (-112.065184 33.456544, -112.065171 33.458682)"
10333AB,,9937,12621,,1,1,0.09816,3,35.0,7407.0,,,,"LINESTRING (-112.065219 33.463634, -112.065251 33.462210)"
10336AB,,9935,12623,,1,1,0.07223,3,35.0,7407.0,,,,"LINESTRING (-112.065051 33.462198, -112.065032 33.463246)"
10337AB,,12624,12619,,1,1,0.13171,1,39.0,4558.0,,,,"LINESTRING (-112.065086 33.460860, -112.063255 33.461535)"
10338AB,,12621,12619,,1,1,0.13125,2,39.0,9116.0,,,,"LINESTRING (-112.065251 33.462210, -112.063255 33.461535)"
10339AB,,9934,12625,,1,1,0.08145,2,39.0,9116.0,,,,"LINESTRING (-112.066512 33.461608, -112.065271 33.461178)"
10340AB,,9934,9935,,1,1,0.09572,2,39.0,9116.0,,,,"LINESTRING (-112.066512 33.461608, -112.065051 33.462198)"
10341AB,,12621,12625,,1,1,0.07113,3,35.0,7407.0,,,,"LINESTRING (-112.065251 33.462210, -112.065271 33.461178)"
10342AB,,12624,9935,,1,1,0.09223,3,35.0,7407.0,,,,"LINESTRING (-112.065086 33.460860, -112.065051 33.462198)"
10343AB,,12625,12618,,1,1,0.03396,3,35.0,7407.0,,,,"LINESTRING (-112.065271 33.461178, -112.065167 33.460746)"
10344AB,,12618,12624,,1,1,0.00915,3,35.0,7407.0,,,,"LINESTRING (-112.065167 33.460746, -112.065086 33.460860)"
10345AB,,12623,12611,,1,1,0.03483,3,35.0,7407.0,,,,"LINESTRING (-112.065032 33.463246, -112.065150 33.463696)"
10346AB,,12611,9937,,1,1,0.00584,3,35.0,7407.0,,,,"LINESTRING (-112.065150 33.463696, -112.065219 33.463634)"
10328AB,,9841,12617,,1,1,0.11215,2,39.0,9116.0,,,,"LINESTRING (-112.059426 33.462101, -112.061355 33.462281)"
10349AB,,12620,9840,,1,1,0.05146,1,30.0,3437.0,,,,"LINESTRING (-112.061033 33.461622, -112.060144 33.461671)"
10350AB,,9921,12627,,1,1,0.09475,1,39.0,4558.0,,,,"LINESTRING (-112.061566 33.461872, -112.059930 33.461773)"
10347AB,,12617,12626,,1,1,0.03723,2,30.0,6874.0,,,,"LINESTRING (-112.061355 33.462281, -112.061987 33.462387)"
10348AB,,12626,12622,,1,1,0.00512,2,39.0,9116.0,,,,"LINESTRING (-112.061987 33.462387, -112.062075 33.462396)"
10351AB,,12627,9910,,1,1,0.02518,1,30.0,3437.0,,,,"LINESTRING (-112.059930 33.461773, -112.059497 33.461731)"
10356AB,,9838,12609,,1,1,0.08863,3,35.0,7407.0,,,,"LINESTRING (-112.065130 33.465712, -112.065133 33.464426)"
10356BA,,12609,9838,,1,1,0.08863,3,35.0,7407.0,,,,"LINESTRING (-112.065131 33.464426, -112.065128 33.465712)"
10358AB,,853,12628,,1,1,0.29489,1,15.0,99999.0,,,,"LINESTRING (-112.051321 33.460040, -112.056426 33.460048)"
10358BA,,12628,853,,1,1,0.29489,1,15.0,99999.0,,,,"LINESTRING (-112.056426 33.460046, -112.051321 33.460038)"
10360AB,,12596,12614,,1,1,0.21932,6,70.0,27840.0,,,,"LINESTRING (-112.052634 33.462275, -112.056424 33.462134)"
10361AB,,12594,12386,,1,1,0.25516,1,25.0,1390.0,,,,"LINESTRING (-112.052053 33.458690, -112.056470 33.458671)"
10361BA,,12386,12594,,1,1,0.25516,1,25.0,1390.0,,,,"LINESTRING (-112.056470 33.458669, -112.052053 33.458688)"
10362AB,,12616,12603,,1,1,0.24231,1,70.0,8134.0,,,,"LINESTRING (-112.056417 33.461723, -112.052228 33.461894)"
10363AB,,12612,12591,,1,1,0.20976,5,70.0,23200.0,,,,"LINESTRING (-112.056416 33.461652, -112.052790 33.461798)"
10364AB,,12598,12615,,1,1,0.14101,1,70.0,8134.0,,,,"LINESTRING (-112.053985 33.462125, -112.056424 33.462063)"
34090AB,,2091,12608,,1,1,0.25192,1,15.0,99999.0,,,,"LINESTRING (-112.052057 33.464134, -112.056376 33.463626)"
34090BA,,12608,2091,,1,1,0.25192,1,15.0,99999.0,,,,"LINESTRING (-112.056376 33.463624, -112.052057 33.464132)"
44096AB,,27839,12628,,1,1,0.08568,1,25.0,1390.0,,,,"LINESTRING (-112.056398 33.461290, -112.056427 33.460047)"
44096BA,,12628,27839,,1,1,0.08568,1,25.0,1390.0,,,,"LINESTRING (-112.056425 33.460047, -112.056396 33.461290)"
10365AB,,12628,12386,,1,1,0.09493,1,25.0,1390.0,,,,"LINESTRING (-112.056427 33.460047, -112.056471 33.458670)"
10365BA,,12386,12628,,1,1,0.09493,1,25.0,1390.0,,,,"LINESTRING (-112.056469 33.458670, -112.056425 33.460047)"
10359AB,,12608,27839,,1,1,0.16093,1,25.0,1390.0,,,,"LINESTRING (-112.056377 33.463625, -112.056398 33.461290)"
10359BA,,27839,12608,,1,1,0.16093,1,25.0,1390.0,,,,"LINESTRING (-112.056396 33.461290, -112.056375 33.463625)"
10366AB,,12616,12612,,1,1,0.00489,1,70.0,99999.0,,,,"LINESTRING (-112.056418 33.461723, -112.056417 33.461652)"
10366BA,,12612,12616,,1,1,0.00489,1,70.0,99999.0,,,,"LINESTRING (-112.056415 33.461652, -112.056416 33.461723)"
10367AB,,12614,12615,,1,1,0.00489,1,70.0,99999.0,,,,"LINESTRING (-112.056425 33.462134, -112.056425 33.462063)"
10367BA,,12615,12614,,1,1,0.00489,1,70.0,99999.0,,,,"LINESTRING (-112.056423 33.462063, -112.056423 33.462134)"
10368AB,,853,12594,,1,1,0.10220,1,15.0,99999.0,,,,"LINESTRING (-112.051322 33.460039, -112.052054 33.458689)"
10368BA,,12594,853,,1,1,0.10220,1,15.0,99999.0,,,,"LINESTRING (-112.052052 33.458689, -112.051320 33.460039)"
10369AB,,12590,12596,,1,1,0.08853,1,30.0,3437.0,,,,"LINESTRING (-112.051119 33.462456, -112.052634 33.462275)"
10394AB,,913,12633,,1,1,0.16501,1,15.0,99999.0,,,,"LINESTRING (-112.042236 33.463553, -112.043341 33.465761)"
10394BA,,12633,913,,1,1,0.16501,1,15.0,99999.0,,,,"LINESTRING (-112.043343 33.465761, -112.042238 33.463553)"
10397AB,,12587,12637,,1,1,0.13825,3,35.0,7407.0,,,,"LINESTRING (-112.047678 33.465759, -112.047665 33.463753)"
10397BA,,12637,12587,,1,1,0.13825,3,35.0,7407.0,,,,"LINESTRING (-112.047663 33.463753, -112.047676 33.465759)"
10398AB,,12387,12397,,1,1,0.24910,1,25.0,1390.0,,,,"LINESTRING (-112.043312 33.458675, -112.039000 33.458646)"
10398BA,,12397,12387,,1,1,0.24910,1,25.0,1390.0,,,,"LINESTRING (-112.039000 33.458648, -112.043312 33.458677)"
10399AB,,12424,12638,,1,1,0.25804,1,70.0,4640.0,,,,"LINESTRING (-112.038342 33.464740, -112.041402 33.462485)"
10403AB,,12593,12422,,1,1,0.70424,3,70.0,13920.0,,,,"LINESTRING (-112.046083 33.461820, -112.037536 33.457457)"
10404AB,,12643,12595,,1,1,0.71577,3,70.0,13920.0,,,,"LINESTRING (-112.036983 33.457510, -112.045565 33.462229)"
10405AB,,12644,12642,,1,1,0.46294,1,70.0,4640.0,,,,"LINESTRING (-112.042168 33.461434, -112.037829 33.464658)"
10406AB,,12644,12427,,1,1,0.33953,2,70.0,9280.0,,,,"LINESTRING (-112.042168 33.461434, -112.036381 33.461708)"
10407AB,,12638,12595,,1,1,0.24126,3,70.0,13920.0,,,,"LINESTRING (-112.041402 33.462485, -112.045565 33.462229)"
10409AB,,12604,12434,,1,1,0.70852,1,70.0,8134.0,,,,"LINESTRING (-112.046071 33.461856, -112.037407 33.457502)"
10410AB,,12604,12647,,1,1,0.26561,1,70.0,8134.0,,,,"LINESTRING (-112.046071 33.461856, -112.041484 33.461902)"
10411AB,,12437,12597,,1,1,0.70871,1,70.0,8134.0,,,,"LINESTRING (-112.037078 33.457502, -112.045572 33.462164)"
10413AB,,12650,12597,,1,1,0.27967,1,70.0,8134.0,,,,"LINESTRING (-112.040752 33.461956, -112.045572 33.462164)"
10415AB,,913,12637,,1,1,0.31378,1,15.0,99999.0,,,,"LINESTRING (-112.042237 33.463554, -112.047664 33.463754)"
10415BA,,12637,913,,1,1,0.31378,1,15.0,99999.0,,,,"LINESTRING (-112.047664 33.463752, -112.042237 33.463552)"
10416AB,,914,12577,,1,1,0.30872,1,15.0,99999.0,,,,"LINESTRING (-112.042330 33.460091, -112.047645 33.459622)"
10416BA,,12577,914,,1,1,0.30872,1,15.0,99999.0,,,,"LINESTRING (-112.047645 33.459620, -112.042330 33.460089)"
10417AB,,12387,12395,,1,1,0.24962,1,25.0,1390.0,,,,"LINESTRING (-112.043312 33.458677, -112.047633 33.458705)"
10417BA,,12395,12387,,1,1,0.24962,1,25.0,1390.0,,,,"LINESTRING (-112.047633 33.458703, -112.043312 33.458675)"
10418AB,,12593,12644,,1,1,0.22831,2,70.0,9280.0,,,,"LINESTRING (-112.046083 33.461820, -112.042168 33.461434)"
10419AB,,12593,12604,,1,1,0.00258,1,70.0,99999.0,,,,"LINESTRING (-112.046082 33.461820, -112.046070 33.461856)"
10419BA,,12604,12593,,1,1,0.00258,1,70.0,99999.0,,,,"LINESTRING (-112.046072 33.461856, -112.046084 33.461820)"
10420AB,,12653,12577,,1,1,0.09463,3,35.0,7407.0,,,,"LINESTRING (-112.047660 33.460994, -112.047646 33.459621)"
10420BA,,12577,12653,,1,1,0.09463,3,35.0,7407.0,,,,"LINESTRING (-112.047644 33.459621, -112.047658 33.460994)"
10421AB,,12395,12577,,1,1,0.06320,3,35.0,7407.0,,,,"LINESTRING (-112.047632 33.458704, -112.047644 33.459621)"
10421BA,,12577,12395,,1,1,0.06320,2,35.0,4938.0,,,,"LINESTRING (-112.047646 33.459621, -112.047634 33.458704)"
10422AB,,12654,12655,,1,1,0.13271,3,35.0,7407.0,,,,"LINESTRING (-112.047778 33.463339, -112.047721 33.461414)"
10423AB,,12656,12657,,1,1,0.03102,1,39.0,4558.0,,,,"LINESTRING (-112.048297 33.461562, -112.047760 33.461559)"
10424AB,,12656,12655,,1,1,0.03784,1,39.0,4558.0,,,,"LINESTRING (-112.048297 33.461562, -112.047721 33.461414)"
10425AB,,12658,12659,,1,1,0.03840,3,35.0,7407.0,,,,"LINESTRING (-112.047562 33.461757, -112.047577 33.462314)"
10426AB,,12656,12658,,1,1,0.04907,1,39.0,4558.0,,,,"LINESTRING (-112.048297 33.461562, -112.047562 33.461757)"
10427AB,,12592,12656,,1,1,0.03703,3,30.0,10311.0,,,,"LINESTRING (-112.048938 33.461557, -112.048297 33.461562)"
10428AB,,12653,12658,,1,1,0.05383,3,35.0,7407.0,,,,"LINESTRING (-112.047659 33.460994, -112.047562 33.461757)"
10429AB,,12655,12653,,1,1,0.02927,3,35.0,7407.0,,,,"LINESTRING (-112.047721 33.461414, -112.047659 33.460994)"
10430AB,,12657,12658,,1,1,0.02066,1,39.0,4558.0,,,,"LINESTRING (-112.047760 33.461559, -112.047562 33.461757)"
10431AB,,12657,12655,,1,1,0.01024,1,39.0,4558.0,,,,"LINESTRING (-112.047760 33.461559, -112.047721 33.461414)"
10432AB,,12659,12660,,1,1,0.07803,3,35.0,7407.0,,,,"LINESTRING (-112.047577 33.462314, -112.047682 33.463432)"
10433AB,,12654,12589,,1,1,0.05507,1,39.0,4558.0,,,,"LINESTRING (-112.047778 33.463339, -112.048022 33.462631)"
10434AB,,12659,12589,,1,1,0.03718,1,39.0,4558.0,,,,"LINESTRING (-112.047577 33.462314, -112.048022 33.462631)"
10435AB,,12660,12637,,1,1,0.02215,3,35.0,7407.0,,,,"LINESTRING (-112.047681 33.463432, -112.047663 33.463753)"
10435BA,,12637,12660,,1,1,0.02215,3,35.0,7407.0,,,,"LINESTRING (-112.047665 33.463753, -112.047683 33.463432)"
10436AB,,12660,12654,,1,1,0.00848,3,35.0,7407.0,,,,"LINESTRING (-112.047682 33.463432, -112.047778 33.463339)"
10437AB,,914,12387,,1,1,0.11276,1,15.0,99999.0,,,,"LINESTRING (-112.042331 33.460091, -112.043313 33.458677)"
10437BA,,12387,914,,1,1,0.11276,1,15.0,99999.0,,,,"LINESTRING (-112.043311 33.458675, -112.042329 33.460089)"
10438AB,,12595,12597,,1,1,0.00450,1,70.0,99999.0,,,,"LINESTRING (-112.045566 33.462229, -112.045573 33.462164)"
10438BA,,12597,12595,,1,1,0.00450,1,70.0,99999.0,,,,"LINESTRING (-112.045571 33.462164, -112.045564 33.462229)"
10447AB,,12394,12638,,1,1,0.35498,2,70.0,9280.0,,,,"LINESTRING (-112.035276 33.462138, -112.041402 33.462485)"
10451AB,,12647,12432,,1,1,0.36328,1,70.0,8134.0,,,,"LINESTRING (-112.041484 33.461902, -112.035202 33.462007)"
