first_column,departure_time_profile_no,name,time_period,T0700,T0705,T0710,T0715,T0720,T0725,T0730,T0735,T0740,T0745,T0750,T0755,T0800,T0805,T0810,T0815,T0820,T0825,T0830,T0835,T0840,T0845,T0850,T0855,T0900,T0905,T0910,T0915,T0920,T0925,T0930,T0935,T0940,T0945,T0950,T0955,T1000,T1005,T1009,T1015,T1020,T1024,T1030,T1035,T1040,T1045,T1050,T1055,T1100,T1105,T1110,T1115,T1120,T1125,T1130,T1135,T1140,T1145,T1150,T1155,T1200,T1205,T1210,T1215,T1220,T1225,T1230,T1235,T1240,T1245,T1250,T1255,T1300,T1305,T1310,T1315,T1320,T1325,T1330,T1335,T1350,T1355,T1350,T1355,T1400,T1405,T1410,T1415,T1420,T1425,T1430,T1435,T1440,T1445,T1450,T1455,T1500,T1505,T1510,T1515,T1520,T1525,T1530,T1535,T1540,T1545,T1550,T1555,T1600,T1605,T1610,T1615,T1620,T1625,T1630,T1635,T1640,T1645,T1650,T1655,T1700
,1,,0700_1700,0.005002,0.005002,0.005002,0.005207,0.005207,0.005207,0.005677,0.005677,0.005677,0.005994,0.005994,0.005994,0.006018,0.006018,0.006018,0.005508,0.005508,0.005508,0.00529,0.00529,0.00529,0.005058,0.005058,0.005058,0.004833,0.004833,0.004833,0.004421,0.004421,0.004421,0.004327,0.004327,0.004327,0.004364,0.004364,0.004364,0.004343,0.004343,0.004343,0.004139,0.004139,0.004139,0.004201,0.004201,0.004201,0.004291,0.004291,0.004291,0.00435,0.00435,0.00435,0.004409,0.004409,0.004409,0.004566,0.004566,0.004566,0.004674,0.004674,0.004674,0.004761,0.004761,0.004761,0.004827,0.004827,0.004827,0.004882,0.004882,0.004882,0.0049,0.0049,0.0049,0.004887,0.004887,0.004887,0.004835,0.004835,0.004835,0.004899,0.004899,0.004899,0.005023,0.005023,0.005023,0.005065,0.005065,0.005065,0.005162,0.005162,0.005162,0.005436,0.005436,0.005436,0.005772,0.005772,0.005772,0.005907,0.005907,0.005907,0.005877,0.005877,0.005877,0.00605,0.00605,0.00605,0.006196,0.006196,0.006196,0.006248,0.006248,0.006248,0.006308,0.006308,0.006308,0.006404,0.006404,0.006404,0.006391,0.006391,0.006391,0.006401
,,,,,,,,,,,,,,,,,,,,,,,,,,,,,,,,,,,,,,,,,,,,,,,,,,,,,,,,,,,,,,,,,,,,,,,,,,,,,,,,,,,,,,,,,,,,,,,,,,,,,,,,,,,,,,,,,,,,,,,,,,,,
,,,,,,,,,,,,,,,,,,,,,,,,,,,,,,,,,,,,,,,,,,,,,,,,,,,,,,,,,,,,,,,,,,,,,,,,,,,,,,,,,,,,,,,,,,,,,,,,,,,,,,,,,,,,,,,,,,,,,,,,,,,,
,,,,,,,,,,,,,,,,,,,,,,,,,,,,,,,,,,,,,,,,,,,,,,,,,,,,,,,,,,,,,,,,,,,,,,,,,,,,,,,,,,,,,,,,,,,,,,,,,,,,,,,,,,,,,,,,,,,,,,,,,,,,
,,,,time_interval0,time_interval2,time_interval3,time_interval4,time_interval5,time_interval6,time_interval7,time_interval8,time_interval9,time_interval10,time_interval11,time_interval12,time_interval13,time_interval14,time_interval15,time_interval16,time_interval17,time_interval18,time_interval19,time_interval20,time_interval21,time_interval22,time_interval23,time_interval24,time_interval25,time_interval26,time_interval27,time_interval28,time_interval29,time_interval30,time_interval31,time_interval32,time_interval33,time_interval34,time_interval35,time_interval36,time_interval37,time_interval38,time_interval39,time_interval40,time_interval41,time_interval42,time_interval43,time_interval44,time_interval45,time_interval46,time_interval47,time_interval48,time_interval49,time_interval50,time_interval51,time_interval52,time_interval53,time_interval54,time_interval55,time_interval56,time_interval57,time_interval58,time_interval59,time_interval60,time_interval61,time_interval62,time_interval63,time_interval64,time_interval65,time_interval66,time_interval67,time_interval68,time_interval69,time_interval70,time_interval71,time_interval72,time_interval73,time_interval74,time_interval75,time_interval76,time_interval77,time_interval78,time_interval79,time_interval80,time_interval81,time_interval82,time_interval83,time_interval84,time_interval85,time_interval86,time_interval87,time_interval88,time_interval89,time_interval90,time_interval91,time_interval92,time_interval93,time_interval94,time_interval95,time_interval96,time_interval97,time_interval98,time_interval99,time_interval100,time_interval101,time_interval102,time_interval103,time_interval104,time_interval105,time_interval106,time_interval107,time_interval108,time_interval109,time_interval110,time_interval111,time_interval112,time_interval113,time_interval114,time_interval115,time_interval116,time_interval117,time_interval118,time_interval119,time_interval120,time_interval121